First name,Last initial,Age,Sex,Job,Housing,Saving accounts,Checking account,Credit amount,Duration,Purpose
Steven,X,67,male,2,own,,little,1169,6,radio/TV
Annie,I,22,female,2,own,little,moderate,5951,48,radio/TV
Aaron,E,49,male,1,own,little,,2096,12,education
Thomas,O,45,male,2,free,little,little,7882,42,furniture/equipment
Gary,S,53,male,2,free,little,little,4870,24,car
Cory,U,35,male,1,free,,,9055,36,education
Joe,C,53,male,2,own,quite rich,,2835,24,furniture/equipment
Richard,E,35,male,3,rent,little,moderate,6948,36,car
Michael,P,61,male,1,own,rich,,3059,12,radio/TV
Donald,A,28,male,3,own,little,moderate,5234,30,car
Holly,F,25,female,2,rent,little,moderate,1295,12,car
Brittany,N,24,female,2,rent,little,little,4308,48,business
Kenya,G,22,female,2,own,little,moderate,1567,12,radio/TV
Benjamin,E,60,male,1,own,little,little,1199,24,car
Jacqueline,E,28,female,2,rent,little,little,1403,15,car
Patsy,T,32,female,1,own,moderate,little,1282,24,radio/TV
Sung,X,53,male,2,own,,,2424,24,radio/TV
Dean,C,25,male,2,own,,little,8072,30,business
Dorothy,T,44,female,3,free,little,moderate,12579,24,car
Russell,C,31,male,2,own,quite rich,,3430,24,radio/TV
Tom,F,48,male,2,own,little,,2134,9,car
Vince,S,44,male,2,rent,quite rich,little,2647,6,radio/TV
Richard,F,48,male,1,rent,little,little,2241,10,car
Allen,F,44,male,2,own,moderate,moderate,1804,12,car
Phillip,J,26,male,2,own,,,2069,10,furniture/equipment
Kelly,O,36,male,1,own,little,little,1374,6,furniture/equipment
Michael,N,39,male,1,own,little,,426,6,radio/TV
Frances,H,42,female,2,rent,rich,rich,409,12,radio/TV
Ronald,C,34,male,2,own,little,moderate,2415,7,radio/TV
Eric,Y,63,male,2,own,little,little,6836,60,business
Hugh,B,36,male,2,own,rich,moderate,1913,18,business
Seth,V,27,male,2,own,little,little,4020,24,furniture/equipment
John,S,30,male,2,own,moderate,moderate,5866,18,car
Joe,I,57,male,1,rent,,,1264,12,business
Ina,F,33,female,3,own,little,rich,1474,12,furniture/equipment
Ray,E,25,male,1,own,little,moderate,4746,45,radio/TV
Nathan,P,31,male,2,free,little,,6110,48,education
Doyle,E,37,male,2,own,little,rich,2100,18,radio/TV
Maurice,D,37,male,2,own,little,rich,1225,10,domestic appliances
Roger,R,24,male,2,own,little,moderate,458,9,radio/TV
Ira,K,30,male,3,own,quite rich,,2333,30,radio/TV
Franklin,T,26,male,2,own,quite rich,moderate,1158,12,radio/TV
Jorge,R,44,male,1,own,little,moderate,6204,18,repairs
Brad,O,24,male,2,rent,moderate,little,6187,30,car
Maude,N,58,female,1,free,little,little,6143,48,car
Tracy,L,35,female,3,own,little,,1393,11,car
Brian,P,39,male,2,own,quite rich,,2299,36,radio/TV
Janice,U,23,female,0,rent,quite rich,little,1352,6,car
John,C,39,male,1,own,little,,7228,11,car
Elizabeth,X,28,female,2,own,moderate,,2073,12,radio/TV
James,X,29,male,1,own,,moderate,2333,24,furniture/equipment
Jesus,X,30,male,3,own,little,moderate,5965,27,car
Daniel,A,25,male,2,own,little,,1262,12,radio/TV
Rafael,S,31,male,2,own,,,3378,18,car
Michael,M,57,male,2,free,little,moderate,2225,36,car
Joseph,P,26,male,1,own,,,783,6,car
Bruce,M,52,male,3,own,,moderate,6468,12,radio/TV
Melissa,J,31,female,2,own,little,,9566,36,radio/TV
Angela,L,23,female,3,own,little,rich,1961,18,car
Janice,I,23,female,1,rent,little,little,6229,36,furniture/equipment
Robert,K,27,male,2,own,little,moderate,1391,9,business
Hollis,D,50,male,2,own,,moderate,1537,15,radio/TV
David,E,61,male,3,free,little,moderate,1953,36,business
Howard,E,25,male,2,own,little,moderate,14421,48,business
Faye,A,26,female,2,own,little,,3181,24,radio/TV
Richard,I,48,male,2,own,,,5190,27,repairs
Josephine,K,29,female,2,own,little,,2171,12,radio/TV
John,E,22,male,2,own,rich,moderate,1007,12,car
William,G,37,male,2,free,little,,1819,36,education
Miriam,W,25,female,2,own,,,2394,36,radio/TV
Pamela,N,30,female,2,own,little,,8133,36,car
William,J,46,male,1,rent,,,730,7,radio/TV
Jason,V,51,male,3,free,little,little,1164,8,vacation/others
Anita,Q,41,female,1,own,little,moderate,5954,42,business
Steven,G,40,male,3,own,,little,1977,36,education
John,H,66,male,3,free,little,little,1526,12,car
Jared,D,34,male,2,own,little,little,3965,42,radio/TV
Oscar,B,51,male,2,own,little,moderate,4771,11,radio/TV
Micheal,Z,39,male,1,own,,,9436,54,car
Roger,Y,22,male,2,own,little,moderate,3832,30,furniture/equipment
Cassondra,O,44,female,2,own,,,5943,24,radio/TV
Robert,N,47,male,2,own,quite rich,,1213,15,radio/TV
Jean,B,24,female,1,rent,moderate,,1568,18,business
Carol,S,58,female,1,own,little,little,1755,24,vacation/others
Ramon,M,52,male,1,own,little,little,2315,10,radio/TV
Susan,S,29,female,3,own,little,,1412,12,business
Dena,A,27,female,2,own,little,moderate,1295,18,furniture/equipment
Steven,O,47,male,2,free,moderate,moderate,12612,36,education
Jason,M,30,male,3,own,moderate,little,2249,18,car
Eric,M,28,male,2,own,little,little,1108,12,repairs
Steven,N,56,male,2,own,little,,618,12,radio/TV
Charles,M,54,male,2,own,little,little,1409,12,car
Harriet,E,33,female,1,own,,,797,12,radio/TV
Gilbert,N,20,male,2,rent,,rich,3617,24,furniture/equipment
Steven,C,54,male,2,own,rich,moderate,1318,12,car
Michael,I,58,male,2,rent,little,moderate,15945,54,business
Karen,A,61,female,2,own,,,2012,12,education
Johnny,U,34,male,2,own,moderate,moderate,2622,18,business
Allen,T,36,male,2,own,little,moderate,2337,36,radio/TV
Philip,X,36,male,3,rent,,moderate,7057,20,car
William,X,41,male,1,rent,moderate,,1469,24,car
Carlos,J,24,male,2,rent,little,moderate,2323,36,radio/TV
Rachel,D,24,female,2,own,little,,932,6,radio/TV
John,N,35,male,2,rent,little,moderate,1919,9,furniture/equipment
Keith,D,26,male,2,rent,,,2445,12,car
Louis,V,39,male,3,own,little,moderate,11938,24,vacation/others
Nathan,I,39,male,3,own,little,,6458,18,car
Thomas,H,32,male,2,own,little,moderate,6078,12,car
Elizabeth,O,30,female,2,own,,little,7721,24,furniture/equipment
Michael,A,35,male,2,own,quite rich,moderate,1410,14,business
Sydney,K,31,male,2,own,moderate,moderate,1449,6,business
Keitha,W,23,female,2,rent,little,rich,392,15,education
Steven,X,28,male,1,rent,little,moderate,6260,18,car
Dorothy,B,25,female,2,own,little,,7855,36,car
Boyce,K,35,male,2,own,quite rich,little,1680,12,radio/TV
Brian,X,47,male,2,own,,,3578,48,radio/TV
Shirley,A,30,female,3,own,,little,7174,42,radio/TV
Diana,Y,27,female,2,rent,,little,2132,10,furniture/equipment
Jennifer,X,23,female,2,own,quite rich,little,4281,33,furniture/equipment
Jose,K,36,male,3,own,quite rich,moderate,2366,12,car
Carla,B,25,female,2,own,little,little,1835,21,radio/TV
Ladonna,D,41,female,3,rent,little,,3868,24,car
Vincent,V,24,male,1,rent,little,,1768,12,furniture/equipment
David,Q,63,male,2,free,little,rich,781,10,car
Diana,E,27,female,2,rent,,moderate,1924,18,furniture/equipment
Chris,C,30,male,2,own,little,little,2121,12,car
Rogelio,E,40,male,1,own,little,little,701,12,radio/TV
John,F,30,male,2,own,little,moderate,639,12,repairs
Donald,M,34,male,3,own,little,moderate,1860,12,car
Hazel,U,29,female,2,own,little,little,3499,12,car
Mary,P,24,female,2,own,,moderate,8487,48,car
Walter,U,29,male,2,own,little,little,6887,36,education
Ryan,V,27,male,1,own,little,,2708,15,furniture/equipment
Christopher,O,47,male,2,free,little,,1984,18,furniture/equipment
Judy,P,21,female,2,own,moderate,,10144,60,radio/TV
Darlene,H,38,female,2,own,,,1240,12,radio/TV
Christian,J,27,male,2,own,rich,,8613,27,car
Justin,C,66,male,1,own,quite rich,moderate,766,12,radio/TV
Bo,U,35,male,2,own,,moderate,2728,15,radio/TV
Sandra,C,44,female,1,rent,little,rich,1881,12,radio/TV
Gregory,U,27,male,0,own,rich,rich,709,6,car
Nicole,N,30,female,3,own,little,moderate,4795,36,radio/TV
Andrew,E,27,male,3,own,little,little,3416,27,radio/TV
Ryan,E,22,male,2,own,little,little,2462,18,furniture/equipment
Anna,T,23,female,2,own,little,,2288,21,furniture/equipment
John,X,30,male,2,own,moderate,moderate,3566,48,business
Ok,Y,39,female,2,own,little,little,860,6,car
Betty,P,51,female,2,own,moderate,,682,12,car
Joel,D,28,male,2,own,little,little,5371,36,furniture/equipment
Thomas,J,46,male,2,own,rich,,1582,18,radio/TV
Craig,C,42,male,2,free,moderate,,1346,6,radio/TV
Michael,O,38,male,2,own,little,,1924,10,radio/TV
Trenton,G,24,male,2,own,little,rich,5848,36,radio/TV
Aurora,N,29,female,2,rent,rich,moderate,7758,24,car
Salvador,R,36,male,3,rent,moderate,moderate,6967,24,business
Marjorie,Z,20,female,2,rent,little,little,1282,12,furniture/equipment
William,H,48,male,2,own,moderate,little,1288,9,repairs
Jimmie,B,45,male,1,own,little,little,339,12,education
Benjamin,R,38,male,2,own,moderate,moderate,3512,24,car
John,F,34,male,1,own,,,1898,6,radio/TV
Thomas,X,36,male,2,own,moderate,,2872,24,radio/TV
Deborah,E,30,female,2,own,little,,1055,18,car
Jack,O,36,male,2,own,quite rich,,1262,15,domestic appliances
Steven,F,70,male,3,free,little,moderate,7308,10,car
William,B,36,male,2,own,quite rich,,909,36,car
Otis,S,32,male,2,own,quite rich,,2978,6,furniture/equipment
Gwendolyn,N,33,female,2,own,little,little,1131,18,furniture/equipment
Shelia,D,20,female,2,own,rich,moderate,1577,11,furniture/equipment
Elaine,B,25,female,2,rent,little,,3972,24,furniture/equipment
Brandon,F,31,male,2,own,little,moderate,1935,24,business
Stephen,V,33,male,2,rent,little,little,950,15,car
Shantel,L,26,female,2,own,little,,763,12,furniture/equipment
Meaghan,P,34,female,3,own,little,moderate,2064,24,furniture/equipment
Donald,K,33,male,2,own,little,moderate,1414,8,radio/TV
Alfred,M,26,male,2,own,little,little,3414,21,education
Barbara,U,53,female,3,own,,,7485,30,car
John,C,42,male,2,own,little,little,2577,12,furniture/equipment
Delbert,P,52,male,2,own,quite rich,little,338,6,radio/TV
David,L,31,male,3,rent,little,,1963,12,radio/TV
Henry,O,65,male,2,own,little,little,571,21,car
Jose,I,28,male,2,own,little,,9572,36,business
James,Z,30,male,3,own,little,moderate,4455,36,business
Robert,P,40,male,1,own,,little,1647,21,car
Jaime,Z,50,male,2,own,rich,,3777,24,furniture/equipment
Eric,Y,36,male,2,own,little,moderate,884,18,car
George,N,31,male,2,own,little,,1360,15,radio/TV
Janice,G,74,female,3,free,little,moderate,5129,9,car
Richard,O,68,male,0,free,little,moderate,1175,16,car
Leroy,C,20,male,2,own,moderate,little,674,12,radio/TV
Norma,G,33,female,2,own,little,moderate,3244,18,furniture/equipment
Ashley,U,54,male,3,own,rich,,4591,24,business
Charles,E,34,male,1,free,moderate,moderate,3844,48,business
Thomas,I,36,male,2,own,little,moderate,3915,27,business
Ernest,Q,29,male,2,rent,little,,2108,6,radio/TV
Joseph,V,21,male,2,rent,moderate,moderate,3031,45,radio/TV
Janet,N,34,female,3,own,little,moderate,1501,9,education
Alana,Q,28,female,2,own,little,,1382,6,radio/TV
Renee,Q,27,female,2,rent,moderate,moderate,951,12,furniture/equipment
Darryl,D,36,male,2,free,,moderate,2760,24,car
Robert,S,40,male,3,own,little,moderate,4297,18,furniture/equipment
Sam,X,52,male,2,own,quite rich,,936,9,education
Michael,S,27,male,1,own,little,little,1168,12,car
Edgar,T,26,male,2,own,little,,5117,27,business
Robert,N,21,male,2,rent,little,little,902,12,education
Douglas,E,38,male,1,own,little,,1495,12,car
Brian,N,38,male,3,free,little,little,10623,30,car
Jason,R,43,male,2,own,little,,1935,12,furniture/equipment
Gregory,K,26,male,2,own,little,moderate,1424,12,domestic appliances
Ross,C,21,male,1,own,little,little,6568,24,business
Mark,I,55,male,2,own,rich,,1413,12,car
John,L,33,male,2,own,,,3074,9,radio/TV
Frances,M,45,female,1,own,,,3835,36,radio/TV
John,H,50,male,2,own,little,little,5293,27,business
Christopher,L,66,male,3,own,little,rich,1908,30,business
Kevin,P,51,male,2,own,,,3342,36,radio/TV
Leah,I,39,female,1,own,,moderate,932,6,education
Dominic,W,31,male,2,own,little,little,3104,18,business
Duane,A,23,male,2,own,little,rich,3913,36,radio/TV
Ronald,V,24,male,1,rent,little,little,3021,24,furniture/equipment
Melva,Y,64,female,2,own,little,,1364,10,car
William,F,26,male,1,own,little,moderate,625,12,radio/TV
Karen,B,23,female,2,rent,,little,1200,12,education
Jeremy,Q,30,male,2,own,little,,707,12,radio/TV
Fred,E,32,male,2,own,,,2978,24,business
Christopher,Q,30,male,2,own,little,,4657,15,car
James,R,27,male,2,own,little,,2613,36,repairs
Spencer,P,27,male,2,own,rich,moderate,10961,48,radio/TV
Frankie,Q,53,male,3,free,little,little,7865,12,furniture/equipment
Mark,A,22,male,2,own,little,,1478,9,radio/TV
Calvin,B,22,male,2,free,little,little,3149,24,furniture/equipment
Jonathan,P,26,male,2,own,little,rich,4210,36,radio/TV
Johnny,Q,51,male,1,free,quite rich,,2507,9,car
Anthony,D,35,male,2,own,moderate,,2141,12,radio/TV
Kurt,M,25,male,1,own,little,moderate,866,18,radio/TV
Britt,G,42,male,1,own,little,,1544,4,radio/TV
Jesse,U,30,male,3,own,little,little,1823,24,radio/TV
Efrain,J,23,male,0,own,,moderate,14555,6,car
Luis,Q,61,male,1,rent,moderate,moderate,2767,21,business
Martha,Y,35,female,2,own,little,,1291,12,radio/TV
Jose,X,39,male,2,own,little,little,2522,30,radio/TV
Lee,V,29,female,2,own,,little,915,24,car
James,M,51,male,2,own,little,,1595,6,radio/TV
Tommy,J,24,male,2,free,little,little,4605,48,car
Velma,V,27,female,2,own,little,,1185,12,business
Rosa,G,35,female,1,own,quite rich,,3447,12,education
Roger,E,25,male,2,own,little,,1258,24,business
John,G,52,male,2,own,little,,717,12,radio/TV
Gerald,Q,35,male,2,rent,moderate,,1204,6,car
Ryan,P,26,male,2,own,little,rich,1925,24,furniture/equipment
Brenda,U,22,female,2,rent,little,,433,18,radio/TV
Rebecca,S,39,female,1,own,rich,little,666,6,car
Jennifer,L,46,female,1,own,little,rich,2251,12,furniture/equipment
Krista,V,24,female,2,own,little,moderate,2150,30,car
Louis,M,35,male,2,own,moderate,,4151,24,furniture/equipment
Christopher,W,24,male,2,own,,moderate,2030,9,furniture/equipment
James,Z,27,male,1,own,,moderate,7418,60,radio/TV
Louie,Q,35,male,1,own,little,,2684,24,radio/TV
Felix,E,29,male,2,free,little,little,2149,12,radio/TV
Jacquline,K,23,female,2,own,moderate,,3812,15,car
Erica,V,57,female,1,own,moderate,,1154,11,radio/TV
William,I,27,male,2,own,little,little,1657,12,furniture/equipment
Wanda,L,55,female,2,own,little,little,1603,24,radio/TV
Gregory,G,36,male,3,free,little,little,5302,18,car
Toni,W,57,female,1,free,little,,2748,12,education
Joe,W,32,male,1,own,little,,1231,10,car
Robert,X,37,male,2,own,little,moderate,802,15,radio/TV
Terry,C,36,male,2,own,,,6304,36,business
Dawn,T,38,female,2,own,little,,1533,24,radio/TV
Cary,Q,45,male,3,own,little,little,8978,14,car
Gregory,Q,25,male,2,own,,,999,24,radio/TV
Brian,A,32,male,2,own,,,2662,18,car
Kathy,I,37,female,2,rent,quite rich,,1402,12,furniture/equipment
James,N,36,male,3,free,,moderate,12169,48,car
Joshua,C,28,male,2,own,little,moderate,3060,48,radio/TV
Ellis,Q,34,male,1,own,little,little,11998,30,repairs
James,C,32,male,2,own,little,,2697,9,radio/TV
Chris,A,26,female,2,own,little,,2404,18,radio/TV
Jesse,U,49,male,1,own,,little,1262,12,furniture/equipment
Mary,W,32,female,2,own,little,,4611,6,furniture/equipment
Raymond,N,29,male,3,rent,moderate,,1901,24,radio/TV
Larry,X,23,male,2,rent,rich,,3368,15,car
Eric,S,50,male,2,own,little,,1574,12,furniture/equipment
Steve,B,49,male,1,own,,rich,1445,18,radio/TV
Nick,P,63,male,2,own,,,1520,15,furniture/equipment
Ernest,Y,37,male,2,own,moderate,moderate,3878,24,car
Isabella,T,35,female,1,own,little,little,10722,47,car
Cecil,A,26,male,2,own,little,little,4788,48,car
James,Z,31,male,3,free,moderate,moderate,7582,48,vacation/others
Julie,K,49,female,2,own,little,moderate,1092,12,radio/TV
Hugh,S,48,male,2,own,little,little,1024,24,radio/TV
James,W,26,male,2,own,little,,1076,12,business
Robert,J,28,male,3,rent,little,moderate,9398,36,car
Gloria,L,44,female,3,free,little,little,6419,24,car
Duane,Q,56,male,2,free,little,rich,4796,42,car
Royce,A,46,male,3,own,,,7629,48,business
Denise,J,26,female,2,own,little,moderate,9960,48,furniture/equipment
Jennie,Y,20,female,2,rent,,,4675,12,car
Joseph,R,45,male,1,own,,,1287,10,car
George,J,43,male,2,own,little,,2515,18,furniture/equipment
Gregory,I,32,male,2,own,rich,moderate,2745,21,furniture/equipment
Nicole,D,54,female,0,own,little,,672,6,car
Susan,W,42,female,2,own,little,moderate,3804,36,radio/TV
Kevin,F,37,male,1,own,,rich,1344,24,car
Andre,A,49,male,2,own,little,little,1038,10,car
Frank,K,44,male,2,free,quite rich,,10127,48,car
Joseph,U,33,male,2,own,rich,,1543,6,furniture/equipment
Shirley,E,24,female,1,rent,,,4811,30,car
William,O,33,male,1,own,moderate,little,727,12,radio/TV
Dora,N,24,female,2,own,little,moderate,1237,8,furniture/equipment
Fred,W,22,male,1,rent,little,moderate,276,9,car
Jason,F,40,male,0,free,,moderate,5381,48,vacation/others
Sean,D,25,male,2,own,moderate,,5511,24,furniture/equipment
Judith,E,26,female,2,own,little,rich,3749,24,furniture/equipment
Jeremy,N,25,male,1,own,little,moderate,685,12,car
George,E,29,male,1,own,,rich,1494,4,car
Nigel,B,31,male,2,own,little,little,2746,36,furniture/equipment
Vincenzo,P,38,male,1,own,little,little,708,12,furniture/equipment
Mary,A,48,female,1,own,,moderate,4351,24,furniture/equipment
John,I,32,male,2,own,little,,701,12,education
Cindy,Q,27,female,1,own,little,little,3643,15,furniture/equipment
David,T,28,male,3,own,little,moderate,4249,30,car
Mark,G,32,male,2,own,little,little,1938,24,radio/TV
Kevin,Z,34,male,3,free,little,little,2910,24,car
James,R,28,male,2,own,rich,little,2659,18,furniture/equipment
Agnes,H,36,female,2,own,little,,1028,18,car
James,Q,39,male,1,own,little,little,3398,8,car
Ralph,T,49,male,2,rent,,,5801,12,furniture/equipment
Virginia,F,34,female,2,own,rich,,1525,24,car
Keith,N,31,male,2,own,little,rich,4473,36,radio/TV
William,K,28,male,2,own,little,moderate,1068,6,radio/TV
James,W,75,male,3,free,little,little,6615,24,car
Carol,G,30,female,2,own,moderate,,1864,18,education
Ethel,S,24,female,3,own,moderate,moderate,7408,60,car
Denise,L,24,female,1,rent,moderate,,11590,48,car
Paul,E,23,male,2,rent,little,little,4110,24,furniture/equipment
Paul,A,44,male,3,rent,little,little,3384,6,furniture/equipment
Alice,Q,23,female,1,own,little,moderate,2101,13,radio/TV
Joyce,E,24,female,2,rent,,little,1275,15,domestic appliances
Benjamin,B,28,male,2,own,little,little,4169,24,furniture/equipment
Thomas,M,31,male,1,own,little,moderate,1521,10,furniture/equipment
Lura,Z,24,female,2,free,little,moderate,5743,24,education
Susan,J,26,female,1,rent,little,little,3599,21,furniture/equipment
Laurence,T,25,male,2,rent,quite rich,moderate,3213,18,radio/TV
Anthony,W,33,male,3,own,little,moderate,4439,18,business
William,X,37,male,1,own,little,rich,3949,10,car
Sheri,U,43,female,1,own,little,,1459,15,radio/TV
Steven,W,23,male,2,own,little,moderate,882,13,radio/TV
Elizabeth,F,23,female,0,rent,quite rich,moderate,3758,24,radio/TV
Christopher,O,34,male,1,own,moderate,,1743,6,business
Warren,Y,32,male,2,free,rich,moderate,1136,9,education
Ashley,O,23,female,2,rent,little,,1236,9,domestic appliances
Diane,M,29,female,2,own,little,moderate,959,9,furniture/equipment
Bryan,D,38,male,3,own,,,3229,18,car
Kenneth,D,28,male,2,rent,little,little,6199,12,radio/TV
Albert,D,46,male,2,free,quite rich,,727,10,education
Rafael,H,23,male,1,own,little,moderate,1246,24,car
Jake,E,49,male,2,own,,,2331,12,radio/TV
Don,B,26,male,3,own,little,,4463,36,radio/TV
Michael,I,28,male,2,own,little,,776,12,radio/TV
Mamie,L,23,female,2,rent,little,little,2406,30,furniture/equipment
Laurence,N,61,male,2,free,,moderate,1239,18,education
Thomas,C,37,male,3,own,,rich,3399,12,radio/TV
Gertrude,J,36,female,2,own,little,rich,2247,12,car
Brent,D,21,male,2,rent,little,,1766,6,furniture/equipment
Thomas,W,25,male,0,own,little,little,2473,18,furniture/equipment
Jesus,U,36,male,2,own,little,,1542,12,business
Jerry,Q,27,male,2,own,little,,3850,18,car
Carol,B,22,female,2,rent,little,little,3650,18,furniture/equipment
Jorge,W,42,male,2,own,little,little,3446,36,furniture/equipment
Jovan,I,40,female,2,rent,little,moderate,3001,18,furniture/equipment
Joshua,A,36,male,2,own,,,3079,36,car
Frank,I,33,male,2,own,little,,6070,18,radio/TV
Jennifer,T,23,female,2,rent,little,,2146,10,furniture/equipment
Robert,S,63,male,3,free,,,13756,60,car
Angela,V,60,female,3,free,moderate,moderate,14782,60,vacation/others
Nina,E,37,female,2,rent,little,little,7685,48,business
Carl,T,34,male,2,own,little,,2320,18,radio/TV
Robert,C,36,male,2,free,,,846,7,radio/TV
Robert,O,57,male,3,free,little,moderate,14318,36,car
Cheryl,C,52,female,1,own,moderate,,362,6,car
Ronald,S,39,male,2,own,,little,2212,20,furniture/equipment
Denise,D,38,female,3,free,little,moderate,12976,18,car
Frances,T,25,female,2,rent,,,1283,22,car
Edward,C,26,male,2,own,little,rich,1330,12,car
Jeffery,O,26,male,1,own,moderate,,4272,30,business
Sheila,Y,25,female,2,own,little,,2238,18,radio/TV
Patricia,X,21,female,2,rent,,,1126,18,radio/TV
Russell,U,40,male,3,own,little,moderate,7374,18,furniture/equipment
Tyler,D,27,male,2,own,quite rich,moderate,2326,15,business
Esther,U,27,female,2,own,little,,1449,9,business
Doyle,E,30,male,3,own,little,,1820,18,car
Wanda,U,19,female,1,rent,rich,moderate,983,12,furniture/equipment
Jose,Q,39,male,3,free,little,little,3249,36,car
Jean,Z,31,female,2,own,little,little,1957,6,radio/TV
Dale,X,31,male,3,own,little,,2406,9,furniture/equipment
Eddie,N,32,male,2,rent,moderate,moderate,11760,39,education
Christy,P,55,female,3,free,little,little,2578,12,furniture/equipment
Andrew,L,46,male,2,own,little,little,2348,36,furniture/equipment
Steven,V,46,male,2,rent,little,moderate,1223,12,car
Eva,Q,43,female,1,own,rich,,1516,24,radio/TV
Joseph,L,39,male,2,own,little,,1473,18,radio/TV
Antonio,Q,28,male,2,own,,moderate,1887,18,business
Robert,D,27,male,2,own,little,,8648,24,business
John,I,27,male,1,own,little,,802,14,car
Anthony,E,43,male,2,own,,moderate,2899,18,car
Steven,Q,22,male,2,own,little,moderate,2039,24,radio/TV
Michael,W,43,male,2,own,,,2197,24,car
John,M,27,male,2,own,little,little,1053,15,radio/TV
Edgar,O,26,male,3,own,quite rich,,3235,24,radio/TV
Henry,N,28,male,2,own,quite rich,rich,939,12,car
Nancy,X,20,female,2,own,little,moderate,1967,24,radio/TV
Lester,A,35,male,3,own,little,,7253,33,car
Thomas,C,42,male,3,own,little,,2292,12,business
Michael,F,40,male,1,rent,quite rich,,1597,10,car
Pamela,R,35,female,2,own,,little,1381,24,car
Larry,Z,35,male,2,own,little,,5842,36,car
John,M,33,male,1,own,little,little,2579,12,car
Terri,K,23,female,2,rent,,little,8471,18,education
Tracy,V,31,female,3,own,quite rich,,2782,21,car
Ann,S,33,female,2,own,,moderate,1042,18,car
Nelda,P,20,female,2,rent,rich,,3186,15,car
Edward,X,30,male,2,own,,moderate,2028,12,car
Scott,C,47,male,1,own,little,moderate,958,12,car
David,D,34,male,3,own,moderate,,1591,21,furniture/equipment
Kathleen,X,25,female,2,own,,moderate,2762,12,furniture/equipment
Robert,T,21,male,2,rent,little,moderate,2779,18,car
David,W,29,male,2,own,little,,2743,28,radio/TV
Graham,T,46,male,2,own,rich,,1149,18,radio/TV
Stephen,X,20,male,2,own,little,,1313,9,furniture/equipment
Eula,U,55,female,0,free,little,little,1190,18,repairs
Charles,S,74,male,1,own,little,,3448,5,business
Michael,N,29,male,3,own,little,moderate,11328,24,vacation/others
Edward,Q,36,male,3,free,little,little,1872,6,furniture/equipment
Marc,T,33,male,2,own,little,,2058,24,repairs
Tommy,W,25,male,2,own,little,little,2136,9,furniture/equipment
Chad,N,25,male,2,own,,moderate,1484,12,radio/TV
Eric,E,23,male,1,rent,quite rich,,660,6,repairs
Fannie,W,37,female,2,own,rich,,1287,24,car
Anthony,M,65,male,0,own,little,little,3394,42,repairs
Ruth,U,26,female,0,own,little,rich,609,12,business
Steven,C,39,male,3,own,little,,1884,12,car
Gertrude,Z,30,female,2,own,little,little,1620,12,furniture/equipment
Bryan,F,29,male,2,own,little,moderate,2629,20,vacation/others
Terry,V,41,male,1,own,little,,719,12,education
Jean,W,30,female,3,own,little,moderate,5096,48,furniture/equipment
Carla,H,41,female,1,rent,,,1244,9,education
Angela,T,34,female,2,own,little,little,1842,36,car
Paul,M,35,male,2,own,little,moderate,2576,7,radio/TV
Lori,O,55,female,3,own,,rich,1424,12,furniture/equipment
Walter,U,61,male,2,own,rich,moderate,1512,15,repairs
George,E,30,male,3,own,,,11054,36,car
Rebecca,Y,29,female,2,own,little,,518,6,radio/TV
Bradford,J,34,male,2,own,little,,2759,12,furniture/equipment
Richard,X,35,male,3,own,little,,2670,24,car
Gregory,K,31,male,2,own,little,little,4817,24,car
Lottie,O,29,female,3,own,little,,2679,24,car
Cruz,B,36,male,2,rent,little,little,3905,11,car
Earl,L,35,male,2,free,little,little,3386,12,car
Ann,A,27,female,2,own,little,little,343,6,domestic appliances
William,P,32,male,2,own,little,,4594,18,radio/TV
Joseph,H,37,male,2,own,little,little,3620,36,furniture/equipment
Marvin,L,36,male,2,own,little,little,1721,15,car
Erin,S,34,female,3,rent,little,moderate,3017,12,furniture/equipment
Jack,M,38,male,2,own,,moderate,754,12,education
Anthony,Q,34,male,2,own,little,,1950,18,business
Russell,N,63,male,2,own,little,little,2924,24,car
Christy,X,29,female,1,rent,little,little,1659,24,radio/TV
George,C,32,male,2,own,,,7238,48,radio/TV
Sara,B,26,female,2,own,little,,2764,33,business
Scott,T,35,male,1,own,little,,4679,24,car
Clarence,Q,22,male,2,rent,moderate,moderate,3092,24,radio/TV
Donna,K,23,female,2,own,little,little,448,6,education
Travis,A,28,male,1,own,little,little,654,9,car
Clinton,G,36,male,3,own,,,1238,6,education
Robert,Z,33,male,2,own,little,moderate,1245,18,radio/TV
Vicki,O,26,female,2,rent,little,little,3114,18,furniture/equipment
Robert,C,24,male,2,own,quite rich,,2569,39,car
Steven,P,25,male,2,own,little,rich,5152,24,radio/TV
Gary,E,39,male,1,own,moderate,moderate,1037,12,business
Donald,L,44,male,2,own,little,little,1478,15,furniture/equipment
Melanie,O,23,female,1,own,little,moderate,3573,12,radio/TV
Christian,R,26,male,2,own,little,moderate,1201,24,car
Shakita,R,57,female,2,rent,rich,little,3622,30,furniture/equipment
Jeanne,D,30,female,2,own,rich,,960,15,furniture/equipment
Antoine,N,44,male,2,own,quite rich,,1163,12,car
John,W,47,male,3,own,little,moderate,1209,6,car
Stuart,W,52,male,2,own,little,,3077,12,radio/TV
Heather,U,62,female,2,free,little,,3757,24,car
Michael,Y,35,male,1,rent,moderate,,1418,10,car
Angel,K,26,male,2,rent,little,,3518,6,car
Sean,M,26,male,2,own,little,,1934,12,radio/TV
Johnnie,Q,42,female,3,free,little,moderate,8318,27,business
Frances,I,27,female,2,own,moderate,,1237,6,radio/TV
Danny,K,38,male,2,own,,moderate,368,6,radio/TV
William,A,39,male,1,rent,little,little,2122,12,car
Robert,M,20,male,2,own,,little,2996,24,furniture/equipment
Matthew,E,29,male,3,rent,moderate,moderate,9034,36,furniture/equipment
Roland,E,40,male,2,own,little,,1585,24,furniture/equipment
John,E,32,male,1,own,little,moderate,1301,18,radio/TV
Jose,Q,28,male,2,own,moderate,rich,1323,6,car
Diane,G,27,female,2,own,little,little,3123,24,car
Luciano,R,42,male,2,free,little,little,5493,36,car
Mark,Z,49,male,2,own,moderate,rich,1126,9,radio/TV
John,C,38,male,2,own,moderate,moderate,1216,24,radio/TV
Catherine,Z,24,female,2,rent,little,little,1207,24,car
Mark,K,27,male,1,own,,,1309,10,car
Dennis,H,36,male,2,own,quite rich,rich,2360,15,car
Thomas,V,34,male,3,own,moderate,moderate,6850,15,car
Robert,N,28,male,2,own,little,,1413,24,radio/TV
Arnold,E,45,male,3,own,moderate,,8588,39,car
John,V,26,male,2,own,little,little,759,12,car
Jimmie,M,32,male,3,free,little,,4686,36,car
Alex,X,26,male,2,rent,little,rich,2687,15,business
John,B,20,male,2,rent,little,moderate,585,12,radio/TV
Kenneth,D,54,male,2,own,,,2255,24,car
Deborah,M,37,female,2,own,little,little,609,6,car
Jordan,T,40,male,1,own,little,little,1361,6,car
Kristy,Q,23,female,2,rent,little,,7127,36,furniture/equipment
Richard,K,43,male,2,own,moderate,little,1203,6,car
Hector,Y,36,male,2,free,,,700,6,radio/TV
Jesus,K,44,male,2,free,little,,5507,24,repairs
Ashley,Q,24,female,2,own,little,little,3190,18,radio/TV
John,W,53,male,2,free,little,little,7119,48,furniture/equipment
Wilda,I,23,female,2,own,moderate,,3488,24,car
Lucille,E,26,female,1,own,little,moderate,1113,18,radio/TV
Clayton,T,30,male,2,own,little,moderate,7966,26,car
Alice,R,31,female,2,own,moderate,,1532,15,education
Russell,F,42,male,1,own,little,,1503,4,radio/TV
Matthew,U,31,male,2,rent,little,little,2302,36,radio/TV
Eric,K,41,male,1,own,little,little,662,6,car
Jonathan,T,32,male,2,own,little,moderate,2273,36,education
Debbra,U,28,female,2,rent,moderate,moderate,2631,15,car
Richard,H,41,male,2,rent,little,,1503,12,car
James,K,26,male,2,own,moderate,,1311,24,radio/TV
John,C,25,male,2,own,,,3105,24,radio/TV
Jeff,J,33,male,2,rent,little,rich,2319,21,education
Nell,Z,75,female,3,own,,little,1374,6,car
Laurie,G,37,female,2,own,little,moderate,3612,18,furniture/equipment
Curtis,O,42,male,3,free,little,little,7763,48,car
Stacey,D,45,female,1,own,little,rich,3049,18,furniture/equipment
George,Q,23,male,2,rent,little,moderate,1534,12,radio/TV
Justin,V,60,male,2,free,little,,2032,24,car
Omar,T,31,male,2,own,,little,6350,30,furniture/equipment
Stanley,W,34,male,1,own,little,rich,2864,18,furniture/equipment
James,K,61,male,1,own,little,,1255,12,car
Thomas,E,43,male,2,free,little,little,1333,24,car
Natasha,U,37,female,2,own,little,,2022,24,car
Bruce,Q,32,male,2,own,little,,1552,24,radio/TV
Elizabeth,G,24,female,1,own,little,little,626,12,radio/TV
Terry,Q,35,male,2,free,,,8858,48,car
Kathryn,R,23,female,2,own,,,996,12,repairs
Mark,D,45,male,1,own,quite rich,,1750,6,radio/TV
Kyle,S,34,male,2,own,little,little,6999,48,radio/TV
Doug,I,27,male,2,own,moderate,moderate,1995,12,car
Mary,D,67,female,3,own,little,moderate,1199,9,education
George,S,22,male,2,own,little,moderate,1331,12,radio/TV
Anna,R,28,female,2,own,moderate,moderate,2278,18,car
Tonia,L,29,female,2,own,,,5003,21,car
Ralph,T,27,male,2,own,little,little,3552,24,furniture/equipment
Robert,U,31,male,1,own,little,moderate,1928,18,furniture/equipment
Jason,Q,49,male,2,free,,little,2964,24,car
Juan,C,24,male,1,rent,little,little,1546,24,radio/TV
Melissa,X,29,female,2,own,little,rich,683,6,radio/TV
Henry,R,37,male,2,free,,moderate,12389,36,car
Jason,D,37,male,3,own,,moderate,4712,24,business
Lisa,W,23,female,2,rent,moderate,moderate,1553,24,radio/TV
Shane,M,36,male,2,own,little,little,1372,12,car
Matthew,B,34,male,2,own,rich,,2578,24,radio/TV
Edward,T,41,male,2,own,,moderate,3979,48,radio/TV
Audrey,L,31,female,2,own,little,little,6758,48,radio/TV
Sheila,Q,23,female,1,rent,little,little,3234,24,furniture/equipment
Steven,X,38,male,2,own,little,,5954,30,radio/TV
Linda,F,26,female,3,rent,,,5433,24,car
Ruby,B,22,female,1,own,little,little,806,15,business
Lyman,L,27,male,1,own,little,moderate,1082,9,radio/TV
Indira,S,24,female,2,own,little,,2788,15,furniture/equipment
Maria,N,27,female,2,own,little,moderate,2930,12,radio/TV
Brenda,S,33,female,2,own,,,1927,24,education
David,Y,27,male,2,own,little,moderate,2820,36,car
John,C,27,male,1,own,little,,937,24,education
Brian,T,30,male,2,own,little,moderate,1056,18,car
Myron,V,49,male,1,own,little,moderate,3124,12,car
Beatriz,S,26,female,2,rent,little,,1388,9,furniture/equipment
David,Q,33,male,1,rent,little,moderate,2384,36,repairs
Josie,Q,52,female,3,free,,,2133,12,car
Kathleen,S,20,female,2,rent,little,little,2039,18,furniture/equipment
Robert,L,36,male,2,rent,little,little,2799,9,car
Charles,Y,21,male,1,own,little,little,1289,12,furniture/equipment
Lester,D,47,male,1,own,little,little,1217,18,domestic appliances
Martin,I,60,male,2,own,little,little,2246,12,furniture/equipment
Marcia,V,58,female,1,own,little,little,385,12,radio/TV
Jamie,Z,42,female,2,rent,,moderate,1965,24,car
Lula,R,36,female,1,own,rich,,1572,21,business
Jessica,W,20,female,1,rent,little,moderate,2718,24,car
William,K,40,male,3,own,,little,1358,24,vacation/others
Tricia,E,32,female,1,own,moderate,moderate,931,6,car
Patricia,D,23,female,2,rent,little,little,1442,24,car
Armando,K,36,male,1,own,little,moderate,4241,24,business
Brent,K,31,male,2,own,little,,2775,18,car
Mauro,Z,32,male,2,free,little,,3863,24,business
Susan,S,45,female,2,own,little,moderate,2329,7,radio/TV
Debra,V,30,female,2,own,little,moderate,918,9,furniture/equipment
Mercedes,S,34,female,1,free,little,moderate,1837,24,education
Brenda,H,28,female,3,own,little,,3349,36,furniture/equipment
Angela,F,23,female,2,own,little,rich,1275,10,furniture/equipment
Robert,H,22,male,2,own,quite rich,little,2828,24,furniture/equipment
Rodolfo,F,74,male,3,own,little,,4526,24,business
Mary,Q,50,female,2,free,moderate,moderate,2671,36,radio/TV
Michael,X,33,male,2,own,little,,2051,18,radio/TV
Adam,Q,45,male,2,free,,,1300,15,car
Regina,G,22,female,2,own,moderate,little,741,12,domestic appliances
Louise,Q,48,female,1,free,moderate,rich,1240,10,car
Joann,Z,29,female,2,own,rich,little,3357,21,radio/TV
Monica,D,22,female,2,rent,little,little,3632,24,car
Kimberly,N,22,female,2,own,little,,1808,18,furniture/equipment
Henry,A,48,male,3,own,,moderate,12204,48,business
Tommy,M,27,male,3,free,,moderate,9157,60,radio/TV
Marcellus,B,37,male,2,rent,little,little,3676,6,car
Eun,N,21,female,2,rent,moderate,moderate,3441,30,furniture/equipment
Eric,Y,49,male,1,own,little,,640,12,car
Tony,H,27,male,2,own,little,moderate,3652,21,business
Luis,R,32,male,2,own,little,,1530,18,car
John,L,38,male,2,own,,,3914,48,business
Robyn,T,22,female,2,rent,little,little,1858,12,furniture/equipment
James,L,65,male,2,free,little,little,2600,18,radio/TV
Cary,S,35,male,2,own,,,1979,15,radio/TV
David,Q,41,male,2,own,little,rich,2116,6,furniture/equipment
John,K,29,male,2,own,moderate,moderate,1437,9,car
Bernard,F,36,male,2,own,quite rich,,4042,42,furniture/equipment
Daniel,U,64,male,1,own,,,3832,9,education
Lori,E,28,female,2,own,little,little,3660,24,radio/TV
Jason,M,44,male,2,own,little,little,1553,18,furniture/equipment
Dion,J,23,male,2,own,,moderate,1444,15,radio/TV
Carol,X,19,female,2,rent,little,,1980,9,furniture/equipment
Miriam,V,25,female,1,own,little,moderate,1355,24,car
Larry,D,47,male,2,own,little,,1393,12,education
Dora,X,28,female,2,own,quite rich,,1376,24,radio/TV
Brendan,P,21,male,2,own,little,,15653,60,radio/TV
Nichole,D,34,female,2,own,little,,1493,12,radio/TV
Henry,N,26,male,2,own,little,little,4370,42,radio/TV
Shelley,F,27,female,0,own,little,little,750,18,education
Jacob,F,38,male,1,own,little,moderate,1308,15,repairs
Joseph,O,40,male,3,own,moderate,,4623,15,education
Gabriel,M,33,male,2,own,little,,1851,24,radio/TV
John,T,32,male,3,own,little,little,1880,18,radio/TV
John,C,27,male,2,rent,,,7980,36,business
Kyle,S,32,male,2,own,little,little,4583,30,furniture/equipment
Joanne,E,26,female,2,own,quite rich,,1386,12,car
Hugo,F,38,male,2,free,little,rich,947,24,car
Alec,H,40,male,1,rent,little,little,684,12,education
Edward,M,50,male,3,free,little,little,7476,48,education
Vernon,T,37,male,1,own,little,moderate,1922,12,furniture/equipment
Ronald,R,45,male,2,own,little,little,2303,24,car
Andy,Z,42,male,3,own,moderate,moderate,8086,36,car
Robert,W,35,male,2,own,little,,2346,24,car
William,D,22,male,2,free,little,little,3973,14,car
Joseph,U,41,male,1,own,little,moderate,888,12,car
Robert,S,37,male,2,own,,,10222,48,radio/TV
Eva,R,28,female,2,own,little,moderate,4221,30,business
Richard,W,41,male,2,own,little,moderate,6361,18,furniture/equipment
Werner,J,23,male,2,rent,little,rich,1297,12,radio/TV
Joesph,H,23,male,2,own,,little,900,12,car
Larry,D,50,male,2,own,little,,2241,21,furniture/equipment
Dave,M,35,male,3,own,little,moderate,1050,6,furniture/equipment
Denise,O,50,female,1,own,little,rich,1047,6,education
Joshua,Q,27,male,3,own,little,,6314,24,vacation/others
Kenneth,V,34,male,2,own,rich,moderate,3496,30,furniture/equipment
Sylvia,C,27,female,2,own,little,,3609,48,business
Miguel,D,43,male,2,rent,little,little,4843,12,car
Andre,A,47,male,2,own,little,rich,3017,30,radio/TV
Russell,V,27,male,1,own,moderate,,4139,24,business
Gerald,A,31,male,2,own,moderate,,5742,36,business
Benjamin,A,42,male,3,own,little,,10366,60,car
Michael,N,24,male,2,own,quite rich,,2080,6,car
Alvin,A,41,male,1,own,quite rich,,2580,21,business
Linda,K,26,female,3,rent,little,,4530,30,radio/TV
Darrell,J,33,male,2,own,little,,5150,24,furniture/equipment
Charles,G,24,male,2,own,moderate,moderate,5595,72,radio/TV
Fred,G,64,male,1,rent,little,little,2384,24,radio/TV
Beverly,J,26,female,2,own,little,,1453,18,radio/TV
Cecelia,U,56,female,2,own,little,,1538,6,education
Jason,I,37,male,2,free,,,2279,12,radio/TV
Huey,Y,33,male,2,own,little,,1478,15,radio/TV
Joseph,I,47,male,2,free,little,,5103,24,radio/TV
Robert,J,31,male,1,own,moderate,moderate,9857,36,business
Michael,J,34,male,2,free,,,6527,60,car
Nolan,V,27,male,2,own,,rich,1347,10,radio/TV
James,Q,30,male,2,free,moderate,moderate,2862,36,car
Lorenzo,K,35,male,2,own,moderate,,2753,9,radio/TV
Jose,D,31,male,2,own,rich,little,3651,12,car
Alfredo,P,25,male,2,own,little,little,975,15,furniture/equipment
Christina,Q,25,female,1,own,moderate,moderate,2631,15,repairs
Shawn,N,29,male,2,own,moderate,moderate,2896,24,radio/TV
Roland,T,44,male,1,own,,little,4716,6,car
Richard,T,28,male,2,own,little,,2284,24,radio/TV
Fred,D,50,male,2,rent,quite rich,,1236,6,car
Darrell,M,29,male,2,own,little,moderate,1103,12,radio/TV
Margaret,A,38,female,0,own,little,,926,12,car
Christopher,W,24,male,2,own,little,,1800,18,radio/TV
Antony,Y,40,male,3,rent,little,rich,1905,15,education
Pamela,J,29,female,1,rent,quite rich,,1123,12,furniture/equipment
Warren,X,46,male,2,free,little,little,6331,48,car
Karen,U,47,female,2,free,moderate,rich,1377,24,radio/TV
James,A,41,male,2,own,moderate,moderate,2503,30,business
Rose,R,32,female,2,own,little,moderate,2528,27,business
Patricia,T,35,female,2,free,quite rich,,5324,15,car
Gregory,V,24,male,2,own,moderate,moderate,6560,48,car
Stephanie,O,25,female,2,rent,little,moderate,2969,12,furniture/equipment
Jessica,G,25,female,2,own,little,moderate,1206,9,radio/TV
Blake,E,37,male,1,own,little,moderate,2118,9,radio/TV
Dan,Y,32,male,3,own,quite rich,,629,18,radio/TV
Nakia,A,35,female,2,free,little,little,1198,6,education
John,W,46,male,3,own,,,2476,21,car
Charles,S,25,male,1,own,little,little,1138,9,radio/TV
Adolfo,F,27,male,3,own,little,moderate,14027,60,car
John,X,63,male,2,own,,,7596,30,car
Pedro,O,40,male,2,own,,,3077,30,radio/TV
Marc,Z,32,male,3,free,little,,1505,18,radio/TV
Joseph,U,31,male,2,own,,rich,3148,24,radio/TV
Michael,I,31,male,2,own,moderate,moderate,6148,20,car
Thomas,T,34,male,3,own,little,rich,1337,9,radio/TV
Holly,M,24,female,2,rent,rich,moderate,433,6,education
Kathleen,L,24,female,1,own,little,little,1228,12,car
Bertha,S,66,female,1,own,quite rich,moderate,790,9,radio/TV
Helen,M,21,female,2,rent,little,,2570,27,car
Beckie,K,41,female,1,own,rich,,250,6,car
Jonathan,W,47,male,1,own,quite rich,,1316,15,radio/TV
Jo,O,25,female,2,rent,little,little,1882,18,radio/TV
Christine,B,59,female,2,rent,little,moderate,6416,48,business
Bradley,A,36,male,2,own,rich,rich,1275,24,business
Dustin,T,33,male,2,own,little,moderate,6403,24,radio/TV
Leland,L,21,male,1,rent,little,little,1987,24,radio/TV
Patricia,R,44,female,1,own,little,moderate,760,8,radio/TV
Harriet,R,28,female,2,rent,rich,,2603,24,car
Wanda,N,37,female,2,own,little,,3380,4,car
Marianne,H,29,female,0,own,,moderate,3990,36,domestic appliances
Sandra,J,23,female,3,rent,little,moderate,11560,24,car
Adam,S,35,male,1,own,moderate,little,4380,18,car
Robert,A,45,male,3,own,little,,6761,6,car
Beverly,M,26,female,1,rent,moderate,moderate,4280,30,business
Mark,C,32,male,2,own,moderate,little,2325,24,car
Levi,Q,23,male,1,own,little,moderate,1048,10,radio/TV
Christopher,Q,41,male,2,own,,,3160,21,radio/TV
Glen,U,22,male,2,own,quite rich,little,2483,24,furniture/equipment
Eric,S,30,male,3,own,,little,14179,39,furniture/equipment
Marc,O,28,male,1,own,little,little,1797,13,business
Sammy,E,23,female,2,rent,little,little,2511,15,car
Susanna,D,37,female,1,own,little,little,1274,12,car
Timothy,D,26,male,2,own,,,5248,21,car
Ricky,O,33,male,2,own,little,,3029,15,car
Jannie,D,49,female,2,own,little,little,428,6,furniture/equipment
Laura,H,23,female,1,own,little,little,976,18,car
Dorothy,R,23,female,1,rent,moderate,moderate,841,12,business
Dawn,N,25,female,2,own,little,,5771,30,radio/TV
William,L,55,male,2,free,rich,,1555,12,repairs
Daria,E,32,female,2,rent,,little,1285,24,car
Victor,D,74,male,0,own,little,rich,1299,6,car
John,T,39,male,2,free,,rich,1271,15,radio/TV
Alfred,U,31,male,2,own,little,,1393,24,car
Charles,H,35,male,2,own,little,little,691,12,car
Patricia,U,59,female,2,own,,,5045,15,car
Janie,Q,24,female,2,rent,little,little,2124,18,furniture/equipment
Howard,I,24,male,1,own,little,little,2214,12,radio/TV
Paul,C,30,male,3,free,,,12680,21,car
Sean,Y,27,male,2,own,moderate,,2463,24,car
Ernest,F,40,male,1,own,little,moderate,1155,12,radio/TV
Luis,U,31,male,1,own,little,little,3108,30,furniture/equipment
Sarah,M,31,female,2,rent,,,2901,10,car
Jermaine,K,28,male,2,rent,little,moderate,3617,12,furniture/equipment
Nathanial,K,63,male,1,own,little,,1655,12,radio/TV
Mildred,R,26,female,2,rent,,little,2812,24,car
Brandy,N,25,female,3,own,little,little,8065,36,education
David,J,36,male,3,own,little,,3275,21,car
Mark,S,52,male,2,own,moderate,,2223,24,radio/TV
Willie,J,66,male,0,free,quite rich,rich,1480,12,car
Deanna,C,25,female,2,rent,,little,1371,24,car
Stephen,G,37,male,2,own,little,,3535,36,car
Myra,F,25,female,2,own,little,little,3509,18,radio/TV
William,B,38,male,3,own,rich,,5711,36,car
Liza,Y,67,female,2,own,little,moderate,3872,18,repairs
Rolando,N,25,male,2,own,little,moderate,4933,39,radio/TV
Quentin,P,60,male,2,own,rich,,1940,24,car
Steven,G,31,male,1,own,little,moderate,1410,12,education
Josette,S,23,female,1,own,moderate,moderate,836,12,car
Brian,J,60,male,3,own,,moderate,6468,20,car
Ross,O,35,male,1,own,rich,moderate,1941,18,business
Jerry,K,40,male,2,own,quite rich,,2675,22,radio/TV
Ralph,G,38,male,2,own,,,2751,48,car
Darius,Q,50,male,2,free,little,moderate,6224,48,education
Anthony,C,27,male,2,own,little,little,5998,40,education
Helen,H,39,female,2,own,little,moderate,1188,21,business
Richard,B,41,male,3,own,,,6313,24,car
Van,K,27,male,2,own,,,1221,6,furniture/equipment
Nathaniel,R,51,male,2,free,little,rich,2892,24,furniture/equipment
Christopher,N,32,male,2,rent,quite rich,,3062,24,furniture/equipment
Thelma,B,22,female,2,rent,moderate,,2301,9,furniture/equipment
Joshua,Z,51,male,2,free,,little,7511,18,car
Lina,V,22,female,1,rent,little,,1258,12,furniture/equipment
Michael,D,54,male,2,own,,,717,24,car
Lamar,P,35,male,0,own,,moderate,1549,9,car
Juan,G,54,male,2,free,little,,1597,24,education
Deborah,T,48,female,1,rent,little,moderate,1795,18,radio/TV
Lorraine,M,24,female,2,own,little,little,4272,20,furniture/equipment
Daniel,T,35,male,2,own,,,976,12,radio/TV
Gwendolyn,E,24,female,0,rent,,moderate,7472,12,car
Andrew,M,24,male,2,own,little,little,9271,36,car
Dean,I,26,male,1,own,little,moderate,590,6,radio/TV
Frederick,B,65,male,2,own,,,930,12,radio/TV
Anthony,N,55,male,3,free,little,moderate,9283,42,car
Marjorie,R,26,female,0,rent,little,moderate,1778,15,car
Marcus,S,26,male,2,own,little,moderate,907,8,business
Gary,A,28,male,1,own,little,moderate,484,6,radio/TV
David,V,24,male,2,own,little,little,9629,36,car
Anthony,M,54,male,2,own,little,little,3051,48,domestic appliances
Robert,F,46,male,2,free,little,little,3931,48,car
Margaret,I,54,female,2,rent,little,moderate,7432,36,car
Terry,R,62,male,2,own,quite rich,,1338,6,domestic appliances
Paula,T,24,female,2,rent,little,,1554,6,radio/TV
Charles,G,43,male,3,own,little,little,15857,36,vacation/others
Robert,X,26,male,2,own,little,little,1345,18,radio/TV
Ramiro,A,27,male,2,own,little,,1101,12,car
Garfield,W,24,male,2,own,little,rich,3016,12,radio/TV
Michael,N,41,male,2,own,little,little,2712,36,furniture/equipment
Joseph,O,47,male,1,own,little,little,731,8,car
Ray,C,35,male,3,own,little,,3780,18,furniture/equipment
Robert,M,30,male,2,own,little,little,1602,21,car
Vivian,K,33,female,2,rent,little,little,3966,18,car
Greg,E,36,male,2,own,little,,4165,18,business
Forrest,D,47,male,2,free,,little,8335,36,car
Bradley,F,38,male,2,free,,moderate,6681,48,business
Eric,S,44,male,2,own,quite rich,,2375,24,business
Barbara,X,23,female,2,rent,little,little,1216,18,car
Peter,M,29,male,2,rent,little,little,11816,45,business
Michelle,O,42,female,2,own,,moderate,5084,24,radio/TV
Rochelle,O,25,female,1,own,little,rich,2327,15,radio/TV
Antonio,B,48,male,2,own,little,little,1082,12,car
Amy,Y,21,female,2,own,,,886,12,radio/TV
Samantha,D,23,female,1,rent,little,,601,4,furniture/equipment
Frankie,U,63,male,2,own,little,little,2957,24,car
David,R,46,male,2,own,little,,2611,24,radio/TV
Jon,M,29,male,2,own,little,little,5179,36,furniture/equipment
Duane,E,28,male,1,own,little,,2993,21,car
Mary,L,23,female,2,own,little,,1943,18,repairs
Matthew,Y,50,male,2,own,little,,1559,24,business
Edwin,S,47,male,2,own,little,,3422,18,furniture/equipment
Keneth,S,35,male,2,own,,moderate,3976,21,furniture/equipment
Lowell,Q,68,male,2,rent,,,6761,18,car
Albert,E,28,male,2,own,little,,1249,24,car
Scott,Q,59,male,2,own,little,little,1364,9,radio/TV
Samuel,H,57,male,1,own,little,little,709,12,radio/TV
Rafael,E,33,male,2,rent,little,little,2235,20,car
Matthew,V,43,male,2,own,,,4042,24,car
George,R,35,male,2,free,little,,1471,15,radio/TV
John,D,32,male,1,free,little,little,1442,18,car
Robert,I,45,male,2,own,little,,10875,36,car
Brian,Z,33,male,2,own,moderate,,1474,24,car
Gayle,M,40,female,2,own,,,894,10,education
Samuel,Z,28,male,2,free,little,,3343,15,furniture/equipment
Elma,S,29,female,2,own,little,little,3959,15,car
Dustin,G,26,male,2,rent,moderate,,3577,9,car
Gary,N,27,male,2,own,rich,,5804,24,car
Vincent,G,28,male,2,own,little,,2169,18,business
Mary,G,35,female,2,own,little,little,2439,24,radio/TV
Ronald,W,32,male,1,own,rich,,4526,27,furniture/equipment
David,V,25,male,1,rent,little,,2210,10,furniture/equipment
Constance,S,20,female,2,rent,quite rich,,2221,15,furniture/equipment
Mary,N,27,female,2,own,little,little,2389,18,radio/TV
Chris,K,42,male,2,own,little,,3331,12,furniture/equipment
James,E,37,male,2,own,,,7409,36,business
Sondra,S,24,female,2,rent,little,little,652,12,furniture/equipment
Traci,Z,40,female,2,own,quite rich,,7678,36,furniture/equipment
Donald,R,46,male,2,own,little,rich,1343,6,car
Craig,W,26,male,2,own,moderate,little,1382,24,business
Linda,K,24,female,2,own,,,874,15,domestic appliances
Abel,G,29,male,1,own,little,little,3590,12,furniture/equipment
Jamie,T,40,female,2,own,rich,moderate,1322,11,car
Gregory,V,36,male,3,free,little,little,1940,18,radio/TV
William,F,28,male,2,own,little,,3595,36,radio/TV
Robert,H,27,male,3,free,little,little,1422,9,car
Kyle,A,36,male,2,own,,,6742,30,radio/TV
Chris,B,38,male,3,own,little,,7814,24,car
Erin,D,48,male,2,free,,,9277,24,car
Richard,V,36,male,2,own,,moderate,2181,30,car
Angelia,O,65,female,0,own,little,,1098,18,radio/TV
John,F,43,male,2,own,little,moderate,4057,24,furniture/equipment
Elizabeth,P,53,female,2,own,little,little,795,12,education
Richard,G,34,male,2,own,,moderate,2825,24,business
Richard,H,23,male,2,own,little,moderate,15672,48,business
Matthew,Y,34,male,3,own,little,,6614,36,car
Grant,L,40,male,2,rent,,,7824,28,car
Thomas,A,43,male,3,own,little,little,2442,27,business
Gale,O,46,male,2,own,little,,1829,15,radio/TV
Bruce,V,38,male,1,own,little,little,2171,12,car
Patrick,H,34,male,2,own,little,moderate,5800,36,car
Felix,T,29,male,2,own,,,1169,18,radio/TV
James,O,31,male,3,own,,,8947,36,car
Tosha,K,28,female,3,rent,little,little,2606,21,radio/TV
Mary,Q,35,female,2,own,rich,,1592,12,furniture/equipment
Sharon,X,33,female,1,rent,,,2186,15,furniture/equipment
Ryan,K,42,male,2,own,little,little,4153,18,furniture/equipment
Joel,F,43,male,2,rent,little,little,2625,16,car
Sean,T,44,male,2,own,,,3485,20,car
Adam,G,42,male,2,free,,,10477,36,car
Steven,G,40,male,2,rent,,,1386,15,radio/TV
Norman,P,36,male,3,own,little,,1278,24,radio/TV
Kevin,S,20,male,3,rent,little,little,1107,12,radio/TV
George,E,24,male,1,own,,little,3763,21,car
Rodney,P,27,male,2,own,,moderate,3711,36,education
Joanne,J,46,female,1,own,little,,3594,15,car
Jenny,S,33,female,1,own,,moderate,3195,9,car
Jennifer,D,34,female,2,own,little,,4454,36,radio/TV
Sylvia,A,25,female,1,own,little,moderate,4736,24,furniture/equipment
Brigette,D,25,female,2,own,,moderate,2991,30,radio/TV
John,Q,28,male,2,own,rich,,2142,11,business
Steve,C,31,male,2,rent,little,little,3161,24,business
Wendy,I,32,female,3,own,little,moderate,18424,48,vacation/others
Randy,I,32,male,2,own,moderate,,2848,10,car
Anthony,E,68,male,3,own,little,little,14896,6,car
Danny,A,33,male,2,own,moderate,little,2359,24,furniture/equipment
James,U,39,male,3,rent,little,little,3345,24,furniture/equipment
Margaret,L,28,female,2,own,little,,1817,18,furniture/equipment
Robert,C,37,male,3,own,quite rich,,12749,48,radio/TV
Lisa,J,22,female,2,rent,little,little,1366,9,radio/TV
Richard,M,30,male,2,rent,little,moderate,2002,12,car
Billy,X,55,male,2,own,little,little,6872,24,furniture/equipment
William,W,46,male,2,own,little,little,697,12,car
Krista,C,21,female,2,rent,little,little,1049,18,furniture/equipment
Michael,V,39,male,2,free,little,little,10297,48,car
Andrew,H,58,male,2,own,,,1867,30,radio/TV
Omar,S,43,male,1,own,little,little,1344,12,car
James,S,24,male,1,own,little,little,1747,24,furniture/equipment
Elizabeth,D,22,female,2,own,little,moderate,1670,9,radio/TV
Edward,C,30,male,2,own,little,,1224,9,car
Johnathan,B,42,male,2,own,quite rich,,522,12,radio/TV
Rosemary,G,23,female,2,own,little,little,1498,12,radio/TV
Joseph,W,30,male,3,own,moderate,moderate,1919,30,radio/TV
Virginia,D,28,female,1,own,little,rich,745,9,radio/TV
Jerry,R,30,male,3,rent,little,moderate,2063,6,radio/TV
Bruce,N,42,male,2,free,little,moderate,6288,60,education
Joshua,D,46,male,3,own,,,6842,24,car
Steve,H,45,male,3,own,,,3527,12,car
Jimmy,X,31,male,1,own,little,,1546,10,car
Barry,F,31,male,2,own,,,929,24,furniture/equipment
Al,H,42,male,1,own,little,,1455,4,car
Kimberly,L,46,female,2,rent,little,little,1845,15,furniture/equipment
Janet,P,30,female,2,own,quite rich,moderate,8358,48,car
Bennie,A,30,male,2,free,quite rich,little,3349,24,furniture/equipment
Paul,R,38,male,3,own,,,2859,12,car
Benjamin,S,43,male,1,own,little,,1533,18,furniture/equipment
Arthur,H,31,male,2,own,moderate,,3621,24,radio/TV
Raymond,E,40,male,0,own,little,moderate,3590,18,business
William,M,24,male,2,own,little,little,2145,36,business
Beatrice,W,28,female,2,rent,quite rich,moderate,4113,24,car
Angela,F,26,female,3,own,little,,10974,36,furniture/equipment
Sandra,C,29,female,2,own,little,little,1893,12,car
Sandra,M,57,female,3,rent,rich,little,1231,24,radio/TV
Danny,S,49,male,1,own,,rich,3656,30,radio/TV
William,K,37,male,1,own,little,moderate,1154,9,radio/TV
Raymond,S,45,male,1,own,little,little,4006,28,car
Val,H,30,male,2,free,moderate,moderate,3069,24,furniture/equipment
Lewis,A,30,male,2,rent,little,,1740,6,radio/TV
Allen,E,47,male,2,own,little,moderate,2353,21,car
Orville,H,29,male,2,own,,,3556,15,car
Teddy,Z,35,male,2,own,quite rich,,2397,24,radio/TV
James,J,22,male,1,own,little,moderate,454,6,repairs
Stephanie,I,26,female,2,own,,moderate,1715,30,radio/TV
Marvin,B,23,male,1,own,quite rich,moderate,2520,27,radio/TV
Carolyn,J,54,female,3,rent,little,,3568,15,radio/TV
Michael,N,29,male,2,rent,,,7166,42,radio/TV
Robert,J,40,male,1,own,little,little,3939,11,car
Steven,S,22,male,2,own,moderate,moderate,1514,15,repairs
Peter,A,43,male,1,own,little,,7393,24,car
Brandy,G,29,female,0,rent,little,little,1193,24,car
Jerome,N,36,male,2,rent,little,little,7297,60,business
Joyce,U,33,female,2,own,little,,2831,30,radio/TV
Jo,D,57,female,1,own,quite rich,rich,1258,24,radio/TV
Terry,S,64,female,2,own,little,moderate,753,6,radio/TV
Eugene,N,42,male,2,own,,moderate,2427,18,business
Francis,D,47,male,1,own,little,,2538,24,car
Eddie,O,25,male,2,rent,moderate,moderate,1264,15,car
James,Y,49,male,2,own,little,moderate,8386,30,furniture/equipment
Paul,T,33,male,3,rent,little,,4844,48,business
Sheila,S,28,female,3,own,moderate,rich,2923,21,car
Jose,C,26,male,2,own,little,little,8229,36,car
Johnnie,A,30,male,1,own,little,,2028,24,furniture/equipment
Kelly,S,25,female,2,rent,little,little,1433,15,furniture/equipment
Donald,A,33,male,2,own,little,rich,6289,42,business
Melissa,K,64,female,2,own,moderate,,1409,13,radio/TV
Gary,B,29,male,3,free,little,little,6579,24,car
Patrick,Q,48,male,1,own,little,moderate,1743,24,radio/TV
Brandon,L,37,male,1,own,,,3565,12,education
Jessie,N,34,male,1,own,moderate,,1569,15,radio/TV
Kevin,A,23,male,1,rent,,little,1936,18,radio/TV
Charles,E,30,male,3,own,little,little,3959,36,furniture/equipment
Eduardo,O,50,male,2,own,,,2390,12,car
Virgen,X,31,female,1,own,little,,1736,12,furniture/equipment
Travis,L,40,male,3,own,little,little,3857,30,car
Benjamin,Z,38,male,2,own,little,,804,12,radio/TV
Keith,R,23,male,2,free,little,little,1845,45,radio/TV
Richard,L,27,male,2,own,moderate,moderate,4576,45,car
