title,author,genre,pub_date,isbn,series,recommended
Bad include short possible dinner.,Rodney Castro,Non-Fiction,1990-10-11,978-0-86966-227-4,,No
Keep reduce.,Michael Carpenter,Non-Fiction,2013-02-03,978-1-183-94148-9,,No
,Stephanie Mclaughlin,Non-Fiction,2016-10-18,978-1-299-98864-4,,
Increase tend star.,Shannon Robertson,Mystery,1980-04-21,978-0-18-254789-0,,Yes
Specific check weight side you.,Jose Lynch,Mystery,1994-05-11,978-0-10-781074-0,,No
Foot game particularly.,John Turner,Mystery,1993-03-29,978-0-10-359922-9,,
Process rest administration far.,Aaron Graham,Fiction,2004-04-09,978-0-216-50339-7,,No
Between local concern run.,Scott Morales,Unknown,1972-12-21,978-0-7089-8419-2,,Yes
Cold those.,Rita Ross,Fiction,1984-05-19,978-0-924729-42-3,,No
Dog building.,Tony Poole,Fiction,2023-01-28,978-0-606-67701-1,,Yes
Common couple bag.,Ruth Pugh,Mystery,2020-11-05,978-0-628-00183-2,at,No
American become.,Ruben Delacruz,Fantasy,2004-04-30,978-1-4615-0766-6,,Yes
Leave plant trial visit record.,Darrell Patterson,Fantasy,2004-02-10,978-0-15-741323-6,,No
,Joseph Schneider,Fiction,2010-09-22,978-0-671-45186-8,,
Sometimes project protect.,Deanna Ray,Non-Fiction,32-13-2020,978-1-06-300733-5,,
Billion yes capital.,Kathryn Bell,Mystery,1996-10-25,978-0-9734904-5-9,but,
Example game yet area.,Rachel Wilson,Romance,1971-06-21,978-1-290-73401-1,,
Rock voice argue near.,Samuel Moreno,Fiction,1999-04-18,978-1-386-46276-7,,Yes
Training six send nice.,Kimberly Morris,Mystery,1993-04-09,978-1-61009-849-6,present,
Step go receive more hear.,Richard Boyd,Sci-Fi,2004-06-20,978-0-942108-90-3,statement,Yes
American middle one perhaps.,Maria Johnson,Romance,1989-09-25,978-1-56999-526-6,,No
Tell word audience decision.,Deborah Lee,Sci-Fi,1989-05-14,978-1-86960-602-2,,
,Austin Cline,Romance,2002-12-24,978-1-5139-8291-5,subject,No
,Andrew Ray DDS,Fiction,32-13-2020,978-1-77194-417-5,,Yes
Turn investment best.,Natalie Gibson,Mystery,2012-07-08,978-0-200-80252-9,,Yes
History near.,Sarah Jennings,Fiction,2022-12-04,978-0-9985633-4-3,that,
Partner she level seem.,Antonio Edwards,Sci-Fi,1978-04-01,978-0-916573-84-3,,
Teach always score.,Aaron Hill,Fiction,1996-06-26,978-1-03-033286-6,,No
Project black station do.,,Romance,32-13-2020,978-0-558-34790-1,,
Trip above strategy.,Kristina Smith,Fiction,2023-08-11,978-0-924652-24-0,,Yes
Provide direction thousand media.,David Harmon,Non-Fiction,2016-03-01,978-1-9825-3276-5,,
Read fish.,Amy Sanders,Sci-Fi,1976-05-04,978-0-03-139528-3,,Yes
Treat young simple.,James Jackson MD,Fantasy,2013-09-21,978-1-4663-6537-7,,
See discuss thousand.,Marissa Noble,Fiction,1981-08-21,978-1-57762-493-6,,
Fill property building term.,Douglas Nunez MD,Non-Fiction,32-13-2020,978-1-64935-005-3,,No
Room hospital education.,Brandon Schultz,Non-Fiction,1994-11-01,978-1-246-70209-5,,Yes
Position necessary popular.,Paul Jones,Mystery,1993-02-18,978-1-4088-6515-6,,
Such decision.,Alexis Cunningham,Mystery,1993-04-23,INVALID,,Yes
Accept shoulder box.,Angela Carpenter,Mystery,2002-10-31,978-1-57595-159-1,,Yes
Kid business reflect decision first.,Brandon Parker DDS,Sci-Fi,1970-09-28,978-0-523-58384-6,,
Follow interview charge never present.,Diana Tran,Fiction,32-13-2020,978-1-944776-96-1,,Yes
Theory turn air whatever.,Kyle Martin,Non-Fiction,32-13-2020,978-1-4635-0931-6,,No
Happen nature board form.,Sarah Davis,Mystery,2004-06-01,978-0-409-80612-0,,No
Money for sure.,Isabella Robinson,Sci-Fi,2020-06-04,978-0-593-73351-6,feel,Yes
Well think election market.,Justin Morrison,Non-Fiction,32-13-2020,978-0-10-435514-5,,No
Mrs chair break day.,Christopher Dorsey,Non-Fiction,1984-01-26,978-0-08-156615-2,,
Pull history adult carry understand.,Barry Williams,Romance,1982-12-31,978-0-7792-8257-9,,Yes
Animal leg run.,Victoria Morton,Romance,1995-12-31,978-1-58193-186-0,,
Rate talk himself.,Elizabeth Johnson,Romance,1970-12-05,978-0-06-156553-3,,Yes
Hair still summer that.,Robert Adams,Fiction,1985-01-27,978-1-07-177908-8,,Yes
Interesting different.,Elizabeth Galvan,Sci-Fi,1974-11-08,978-1-885063-19-9,,Yes
Quickly newspaper range.,Jason Edwards,Mystery,1994-05-02,978-1-214-73347-2,,Yes
Enjoy treatment save manage.,Zachary Rodriguez,Fiction,2021-07-24,978-0-906208-30-4,,Yes
Huge note opportunity.,Jessica Anderson,Unknown,2001-12-12,978-0-357-39179-2,operation,
Environmental just.,Chelsea Moreno,Romance,2007-06-01,978-0-10-993033-0,,Yes
Why soon environmental eat just.,Emma Rodriguez,Fantasy,1990-10-25,978-0-9641360-3-8,,
Old per available give such.,Daniel Hayes,Sci-Fi,2003-09-11,978-0-01-923276-0,book,
Stock put citizen.,Paul Crawford,Mystery,2002-01-06,978-0-533-99192-1,,No
Energy call affect.,Michelle Duran,Fantasy,1987-10-28,978-1-106-08298-5,,
Capital together since left stop.,Caleb Rodriguez,Sci-Fi,1991-06-29,978-0-507-75034-9,admit,No
,Christopher Phillips,Non-Fiction,1978-09-19,978-0-7867-3624-9,,No
Day common view ever partner.,William Nguyen,Unknown,1975-08-10,978-0-697-66283-5,,No
Bag participant reality structure.,Crystal Byrd,Fantasy,1982-10-27,978-1-09-241931-4,,Yes
Fast film market.,Evelyn Walker,Fantasy,1988-05-24,978-1-79569-071-3,,No
Sure child fire hold.,Jason Williams,Fiction,2023-07-31,978-0-7200-7952-4,,No
Would year.,Kim Reed,Fantasy,2009-12-03,978-1-260-55311-6,,No
Result exactly contain.,Diane Gilbert,Sci-Fi,1989-03-14,978-1-935346-78-4,,
Second collection instead.,John Park,Fantasy,1987-10-23,978-1-4847-6559-3,,
Enough serve plan left.,Mr. Dennis Aguilar MD,Sci-Fi,1991-10-12,978-1-75789-785-3,actually,No
Total shoulder simple across.,Wendy Rodriguez,Fiction,1977-12-28,978-0-256-44263-2,,
Force now source.,Colleen Riley,Sci-Fi,2019-09-10,978-1-5483-1691-4,,
Inside argue take list.,Dennis Palmer,Non-Fiction,1974-09-16,978-1-318-50425-1,,
,Andrew Koch,Fiction,2004-12-14,978-0-7038-5184-0,,Yes
Manage him full already.,Rebecca Miller,Sci-Fi,1973-07-05,978-1-59134-348-6,,No
Usually environment.,Amanda Hawkins,Unknown,2021-04-07,978-0-203-66984-6,,No
Health watch.,Steven Vasquez,Romance,2020-05-24,978-0-371-50766-7,,No
Arrive affect couple range couple.,Shannon Davis,Romance,1999-09-28,978-1-279-42115-4,,Yes
Social go exist final.,Michelle Obrien,Mystery,2013-09-15,978-0-87978-683-0,performance,No
Raise rise leave edge past.,Nathan Hunter,Mystery,1974-12-05,978-1-85848-037-4,,
Team after other need rate.,Alicia Russell,Mystery,2017-02-06,978-0-290-34421-3,,No
Nothing win wait.,Crystal Stewart,Sci-Fi,2009-06-22,978-0-520-81178-2,,Yes
Land ago letter carry onto.,Cynthia Bennett,Sci-Fi,32-13-2020,978-1-4608-6785-3,interest,Yes
Allow class smile spend consider.,Lauren Mcdonald,Romance,1997-01-20,978-1-74061-888-5,,Yes
Just defense money outside nation.,Melissa Arnold,Mystery,1990-08-22,978-1-01-675343-2,,
Any try.,Christopher Morales,Fiction,1998-04-27,978-0-07-063067-3,,Yes
,Tiffany Arnold,Fiction,2001-03-27,978-0-206-30801-8,play,
Lot reflect easy lawyer season.,Justin Ramos,Romance,1972-06-12,978-0-7103-0757-6,about,
Professor ever general.,Brian Gay,Fantasy,1985-05-02,978-0-00-495403-5,,Yes
Support talk blood.,Jennifer Smith,Non-Fiction,2004-04-19,978-1-169-06376-1,,Yes
Provide both west issue.,Catherine Meyer,Mystery,2020-04-28,978-0-377-54464-2,,Yes
American line television.,John Conway,Sci-Fi,2008-02-16,978-1-138-91331-8,,No
Professor over light.,Jason Griffin,Non-Fiction,2007-12-12,978-0-03-008148-4,level,Yes
Enjoy when.,Mariah Foley,Sci-Fi,1992-01-16,978-0-255-79449-7,piece,
,Howard Reynolds,Non-Fiction,32-13-2020,978-0-19-748027-4,,
Give yourself fall magazine.,Christopher Hernandez,Non-Fiction,1975-11-14,978-1-77401-416-5,rise,No
Imagine people force character light.,Johnny Decker,Romance,2001-09-28,978-1-4841-9360-0,,
Republican he.,Charles Williams,Non-Fiction,1978-01-20,978-1-69679-966-9,position,
Task because.,John Phelps,Fiction,2023-08-19,978-0-9922457-0-2,imagine,Yes
Receive store pretty.,Thomas Taylor,Romance,1973-09-19,978-1-83608-926-1,,Yes
Attention player decide country.,Deanna Mason,Fiction,1981-04-02,978-1-4478-8275-6,modern,Yes
Organization significant marriage.,Barbara Anderson,Fiction,32-13-2020,978-1-81660-878-9,,Yes
Front learn plant situation power.,Jared Summers,Romance,2006-02-03,978-1-395-20987-2,,No
Enjoy red friend unit.,Robert Hall,Non-Fiction,2011-12-04,978-1-67884-745-6,,Yes
Performance voice approach kind through.,Lindsay Villa,Unknown,1995-04-09,978-0-02-318856-5,,Yes
Try close well.,Stacey Adams,Fiction,32-13-2020,978-0-333-91075-7,many,No
Important whatever teacher although treatment.,Melanie Houston,Romance,1976-06-11,978-0-10-320700-1,,No
Point we left conference.,Daniel Rogers,Non-Fiction,1981-11-09,978-1-159-75855-4,,
Language box into myself.,Zachary Pruitt,Sci-Fi,1977-10-09,978-1-4825-1543-5,,Yes
Prevent long nature section.,Kyle Nunez,Fiction,1985-06-25,978-0-629-81152-2,,Yes
Realize close general.,Sierra Gonzalez,Mystery,2002-10-02,978-1-229-42026-8,,Yes
Material image article deep.,Charles Roberts,Romance,2009-04-06,978-0-9746625-4-1,,Yes
By unit customer south.,Kevin Clark,Non-Fiction,2012-09-02,978-1-249-61953-6,,No
Campaign herself bring.,Kim Martin,Non-Fiction,1992-12-04,978-1-946195-64-7,,No
Administration radio.,Dominique Long,Romance,1995-12-15,978-0-9605476-2-3,,
Mission wide sit.,Willie Crawford,Fantasy,2001-09-08,978-1-66593-652-1,,Yes
Question civil forward.,Brian Berry,Sci-Fi,1994-10-13,978-1-4603-9244-7,,
Ask hot car its.,Sarah Kent,Romance,2020-04-05,978-0-937090-25-1,,Yes
Collection candidate student one.,Nancy Smith,Fiction,2018-06-06,978-1-173-39026-6,garden,
Fall music commercial sing.,Anthony Chen,Romance,2024-02-01,978-0-315-62306-4,area,
Meet truth.,Daniel Moore,Sci-Fi,1986-01-15,978-1-319-89690-4,,
Arm store appear reveal.,Melissa James,Non-Fiction,1975-11-14,978-0-936861-00-5,end,Yes
Performance you keep owner speak.,Kevin Phillips,Mystery,2020-10-23,978-1-84934-725-9,maintain,
Bit number safe.,Catherine Aguilar,Sci-Fi,2001-07-02,978-1-113-77170-4,,Yes
Still north garden.,Ashley Bailey,Romance,2021-05-18,978-0-9725764-8-2,,Yes
Hope Mr fund.,Abigail Tyler,Romance,2000-08-28,978-1-77640-807-8,left,Yes
Surface week.,Melvin Carroll,Fiction,2002-03-03,INVALID,,No
Successful environmental thousand.,Teresa Beasley,Non-Fiction,2021-10-19,978-0-593-72207-7,,No
Later agency out.,Dylan Romero,Non-Fiction,1985-09-21,978-1-397-43358-9,,Yes
Give close nearly door.,Jonathan Fry,Sci-Fi,1994-10-04,978-0-583-53995-1,,No
National play teacher somebody.,Tiffany Johnson,Fantasy,1989-12-13,978-0-7895-7989-8,,
Receive manage.,Joshua Gibson,Fiction,1995-02-06,978-1-393-44080-2,,Yes
Popular partner why.,Christina Acosta,Unknown,2003-10-07,978-1-952397-89-9,,Yes
Meeting speak level.,Jessica Russell,Romance,2007-04-20,978-0-7147-3609-9,,Yes
Side pick Republican agreement.,John Horne,Fiction,1988-07-09,978-0-579-00510-1,,No
Staff the reflect my.,Angel Miller,Fiction,1982-12-15,978-1-955318-10-5,,No
Miss already establish skin first.,Kimberly Williams,Fiction,1997-01-07,978-0-7505-9549-0,,
To real.,Alicia Morgan,Sci-Fi,2017-01-24,978-0-218-78241-7,,Yes
These those on adult skin.,Larry Ross,Non-Fiction,32-13-2020,978-1-356-50064-2,,Yes
Family turn.,Elizabeth Smith,Sci-Fi,2015-09-26,978-0-05-428859-3,,
Future firm enough significant.,Robin Johnson,Mystery,2023-10-22,INVALID,,
Science idea.,Joshua Tucker,Fantasy,1976-07-12,978-0-8048-0828-6,,No
At size operation majority have.,Vanessa Smith,Romance,32-13-2020,INVALID,third,
War practice.,Kelly Dixon,Fantasy,2016-01-08,978-0-7934-3266-0,,No
Treat often soon beat station.,,Unknown,2014-10-02,978-1-7333855-4-1,,
Reduce benefit policy.,Kathryn Jensen,Sci-Fi,2010-06-04,978-1-349-56637-2,,Yes
Resource approach do compare.,Raymond Graham,Romance,1993-04-24,978-1-4673-6091-3,,No
Try little teacher strategy.,Joshua Flynn,Fiction,1986-03-19,978-0-01-647041-7,,
Cover receive together could.,Christopher Hernandez,Fiction,1994-10-01,978-0-463-38486-2,,
Management remember magazine.,Corey Mcguire,Fantasy,32-13-2020,978-0-427-63665-5,,
Report write full note but.,Joshua Dunlap,Mystery,1986-04-05,978-1-70520-445-0,,Yes
Write guy yourself site throughout.,Kendra Cain,Non-Fiction,1990-05-19,978-1-231-44577-8,,No
Pull about follow.,Joshua Willis,Non-Fiction,1974-04-27,978-0-08-030001-6,,No
Business rest town work.,Cynthia Kerr,Fantasy,1987-08-16,978-1-953736-06-2,,No
Television land probably.,Andrew Alexander,Sci-Fi,1989-08-01,978-1-4699-2534-9,,
Now very rock study group.,Jesus Wang,Non-Fiction,2003-07-01,INVALID,laugh,
Him condition car other.,Mark Keith,Fiction,1999-04-07,978-0-07-900975-3,travel,No
Reveal early court issue.,Elizabeth Reed,Romance,1980-07-29,978-0-440-99683-5,,No
Responsibility room.,Scott Young,Non-Fiction,1992-04-23,978-1-7384848-1-2,floor,
Collection head report worker pressure.,Janet Johnson,Romance,1983-03-15,978-1-5212-0519-8,,Yes
Beat business seem would body.,Christie Miller,Sci-Fi,2023-09-03,978-1-5297-5095-9,,No
Population hundred visit.,Steven Stewart,Non-Fiction,2011-04-06,978-1-03-808925-0,local,
Politics effect board.,Morgan Simpson,Mystery,1979-04-08,978-0-9773220-8-4,,
Produce way politics large.,Michelle Johnson,Fiction,2024-07-27,978-1-5167-9466-9,especially,Yes
Issue read significant time unit.,Kent Sharp,Fiction,1998-11-27,978-1-64493-156-1,focus,No
Service rest finish scientist.,Tyler Clark,Sci-Fi,1972-04-24,978-0-465-24082-1,film,No
Level information visit require.,Anthony Cantrell,Mystery,2024-04-23,978-1-56773-528-4,,No
Support individual when.,Daniel Gibbs,Mystery,2002-01-18,978-0-7127-6536-7,,No
Growth firm town attention.,Scott Johnson,Fiction,1981-10-21,978-1-65895-121-0,,
Much lot.,Ricardo Kerr,Mystery,32-13-2020,978-1-5225-1423-7,,Yes
Look state husband.,Dennis Turner,Fiction,1987-03-28,978-0-05-951104-7,discussion,No
Whole three set decision.,Abigail Casey,Romance,1982-09-30,978-0-478-83509-0,,Yes
Enough unit back.,Adam Martinez DDS,Romance,2018-06-13,978-1-152-69575-7,fish,Yes
Similar entire experience any.,Debra Sherman,Fiction,32-13-2020,978-0-7360-0589-0,,No
No nothing possible.,Joshua Martinez,Fiction,1979-03-21,978-1-66557-316-0,,
Guy present her.,Ernest Brown,Non-Fiction,1973-01-28,978-1-59596-502-8,,No
Close floor value.,Tina Dennis,Romance,2012-04-07,978-0-248-03263-6,purpose,
Economy share upon.,Joseph Valenzuela,Fiction,1974-05-16,978-0-00-137383-9,,No
Sell religious trial.,Alexandra Wilson,Sci-Fi,1977-08-02,978-0-928259-40-7,,Yes
Who happy.,Nancy Nelson,Fantasy,2016-09-07,978-1-76351-040-1,,No
Occur somebody could.,Marc Lee,Unknown,1986-04-24,978-0-7149-7640-2,,
Necessary assume.,Thomas Wilson,Romance,2005-12-08,978-0-8054-6559-4,rate,No
Why western.,Tammie May,Non-Fiction,2008-10-25,978-1-76284-765-2,,Yes
Current pay effect American.,Christopher Brown,Sci-Fi,2010-07-10,978-1-57195-499-2,especially,Yes
Group mission alone.,Benjamin Young,Fantasy,2001-03-11,978-0-02-336955-1,section,
Difficult suggest yourself federal.,Leslie Patel,Sci-Fi,2024-06-03,978-1-225-92659-7,increase,
Wish include cover.,Katherine Kelly,Romance,2023-11-16,978-0-214-00487-2,,
True magazine field.,Christopher Perez,Non-Fiction,2021-08-24,978-1-63127-677-4,,
Check interview family.,Betty Mcgee,Non-Fiction,2019-02-18,978-1-01-153097-7,,
Almost both tough.,Heather Pierce,Non-Fiction,2015-11-25,978-0-594-73389-8,raise,No
Late investment word similar this.,Tracie Vazquez,Sci-Fi,1989-01-05,978-1-952215-44-5,,Yes
Million piece.,Brenda Chase,Mystery,1982-02-25,978-1-61231-571-3,,No
Because wait heart.,Richard Navarro,Non-Fiction,1999-07-11,978-1-9867-6237-3,,
Challenge bill out many.,Thomas Hays,Fiction,2016-12-08,978-1-4114-4397-6,,Yes
Perhaps whatever conference.,Alicia Fernandez,Fantasy,2018-09-07,978-0-325-69257-9,,
Own center role work.,Angela Moran,Fiction,1981-09-07,978-0-9829103-9-9,only,No
Dog wife training.,Sara Perez,Fantasy,1976-08-08,978-0-05-328610-1,eat,No
Without where address.,,Romance,1980-02-09,978-1-154-79529-5,,
Reality western success kid.,Deanna Davis,Sci-Fi,1991-03-10,978-0-670-87759-1,available,No
Administration federal citizen summer.,Eric Wells,Fantasy,1970-03-26,978-1-81682-605-3,,No
Media report truth.,Thomas Graham,Romance,1979-10-14,978-0-8128-0689-2,,
Easy defense more.,Gene Gonzales,Non-Fiction,1998-11-07,978-1-76391-487-2,,
Public light.,Kristi Collins,Fantasy,1974-12-16,978-1-4504-0639-0,,Yes
Number question will.,Mrs. Julia Jenkins,Non-Fiction,2023-06-30,978-1-933550-28-2,,Yes
Rule discover successful more new.,Terry Barnes,Mystery,1970-09-21,978-0-936305-87-5,,No
Dinner treat see away.,Barbara Barnes,Non-Fiction,32-13-2020,978-0-373-09618-3,,
Place enjoy outside.,Amy Martinez,Mystery,1979-09-07,978-0-357-53357-4,,
Sing morning personal hard.,James Lawson,Fantasy,1991-09-25,978-0-14-124110-4,,
Study Republican lawyer exactly.,Kyle Savage,Fantasy,1989-05-25,978-0-9710509-6-9,you,
Type professional.,Nicholas Little,Fantasy,1975-07-08,978-1-00-812326-7,,
Morning simple.,Paul Gibbs,Fantasy,2003-01-08,978-1-204-42297-3,,No
Behavior practice former give.,Danny Frost Jr.,Mystery,1972-03-28,978-0-19-058598-3,,
Much forward particularly forget see.,Anthony Nguyen,Non-Fiction,1978-09-19,978-0-7516-9884-8,event,Yes
Something first whom crime single.,Samantha Day,Fiction,2016-03-15,978-1-77907-794-3,,
You kind end true run.,Rachel Allison,Romance,1995-04-08,978-0-255-01534-9,,Yes
,Lori Palmer,Fantasy,1993-11-19,978-0-08-211310-2,send,No
Leave popular wide reflect agree.,Connie Robles,Fiction,2004-11-01,INVALID,,
Member great need.,Cynthia Ho,Sci-Fi,2018-12-26,978-0-18-230733-3,,Yes
,Brian Jones MD,Romance,32-13-2020,978-0-279-76167-3,,
Part along defense standard.,Cory Jones,Fiction,1978-10-23,978-1-319-35780-1,citizen,Yes
Surface task eight through he.,Gabriel Gay,Mystery,2021-01-30,978-0-88965-881-3,,No
Interesting environment you play.,Derek Kennedy,Unknown,2024-10-06,978-1-379-11313-3,,Yes
Few two second.,Hailey Smith,Sci-Fi,2001-01-22,978-1-62090-887-7,,
Set least still note.,Jordan Gomez,Mystery,1982-06-14,978-0-449-25925-2,,No
Board fall board.,David Roman,Unknown,1983-11-23,978-1-07-331837-7,,
Really know.,Mr. Alex Fry,Mystery,1980-10-21,978-0-367-33142-9,man,Yes
More keep forward health.,Brandon Sanders,Romance,1996-12-24,978-0-7398-9684-6,,Yes
Especially small cost.,Matthew Cooper,Mystery,2023-03-26,978-0-04-407026-9,,
Why color.,Connie Thomas,Non-Fiction,1985-10-04,978-1-02-992826-1,,No
Father they defense appear night.,Donald Murphy,Sci-Fi,2025-03-11,978-0-298-21071-8,but,Yes
Mother fly boy tough former.,Robert Jarvis,Mystery,1976-05-18,INVALID,development,Yes
Owner our level piece.,Evelyn Wilson,Non-Fiction,1978-11-15,978-1-59411-227-0,,
,Grace Singh,Mystery,1970-07-08,978-0-541-25806-1,,No
,Paige Miranda,Fiction,2003-09-11,978-1-06-761193-4,,Yes
Anything sense student argue.,Ronald Reyes,Fantasy,1985-01-21,978-0-361-70132-7,,
Night perhaps reveal size.,Parker Perez,Mystery,1990-01-12,978-1-66918-145-3,,Yes
Between cold.,Brandy Russo,Romance,2013-11-06,978-0-05-033274-0,,
Her loss example under.,David Baker,Fantasy,2014-01-08,978-0-86859-056-1,,Yes
Term surface option two.,Jose Wilson,Sci-Fi,1993-09-26,978-1-61427-969-3,,Yes
Out game technology economic.,Eric Bullock,Sci-Fi,32-13-2020,978-1-269-30467-2,,Yes
North blue note enter.,Amanda Smith,Romance,2019-11-26,978-1-970366-13-6,in,No
Offer pick type eat task.,Kathleen Hernandez,Romance,2024-08-29,978-0-901680-70-9,,Yes
Firm environment letter why until.,,Fiction,1987-03-02,978-0-638-96958-0,,
Again almost that.,Michelle Reese,Sci-Fi,1985-04-13,978-1-00-129805-4,,
Today performance member.,Fernando Smith,Fantasy,1981-06-27,978-1-5080-9489-0,,Yes
Bring argue on at.,Mark Thompson,Non-Fiction,1985-01-15,978-1-01-290636-8,,
Resource himself my.,Amy Coleman,Fiction,1977-12-20,978-1-158-02987-7,,Yes
Change call.,Adam Mercado,Romance,1996-03-30,978-1-66466-448-7,response,
Marriage art.,Jeanne Anderson,Fantasy,1996-09-20,978-1-66484-191-8,,Yes
Generation culture.,Jennifer Jackson,Sci-Fi,2016-01-19,978-1-08-745650-8,,No
Stuff answer wrong time.,Jenna Winters,Fantasy,1975-10-25,978-0-427-44348-2,,Yes
Walk hospital strategy.,Margaret Young,Non-Fiction,1999-11-15,978-0-87301-111-2,,No
Site late along front.,Ashley Anderson,Fiction,1980-08-14,978-1-82395-175-5,,Yes
Turn time building admit.,Jacob Roberts,Sci-Fi,1981-07-28,978-1-881301-29-5,,
Later range.,Cynthia Hutchinson,Unknown,1991-09-06,978-0-08-320989-7,,No
Interview create red.,Kelsey Larson,Fantasy,1981-06-16,978-0-9643677-2-2,,
Article so face.,Antonio Hatfield,Mystery,2008-08-26,978-0-918165-90-9,,No
Hard marriage.,Vickie Morgan,Sci-Fi,1978-06-12,978-0-326-11843-6,,Yes
Protect occur me pull human.,Christopher Cervantes,Fantasy,1970-06-08,978-1-113-79129-0,of,Yes
Me answer top.,Matthew Perkins,Romance,1994-05-13,978-1-03-756988-3,,No
,Dennis Smith,Non-Fiction,1994-10-19,978-1-176-87768-9,,No
Participant lose director finish.,Victor Stewart,Non-Fiction,1999-09-20,978-1-75222-403-6,owner,No
Budget claim call.,Nicole James,Non-Fiction,1973-03-07,978-1-281-85948-8,,No
Economy trade yet.,Jasmine Smith,Mystery,2020-02-14,978-1-00-725873-1,,
During task most.,Karen Valenzuela,Mystery,2021-11-24,978-1-02-236668-8,,No
Arm white safe.,Katrina Gilmore,Fantasy,2002-08-27,978-0-699-33999-5,,
Represent grow cup task.,Leslie Hammond,Romance,2006-02-28,978-0-89596-253-9,,Yes
Picture create money.,Michael Ford,Sci-Fi,32-13-2020,978-1-71005-269-5,represent,
Indeed store offer.,Dr. David Goodwin DVM,Romance,32-13-2020,978-0-7304-8685-5,,Yes
Type company worry medical.,Christina Garcia,Romance,2006-10-21,978-0-312-13330-6,democratic,Yes
Chance who.,John Stone,Mystery,32-13-2020,978-0-435-63568-8,,Yes
Move capital decide.,Tanya Parker,Mystery,1995-03-31,978-0-86145-624-6,,
These entire activity hope.,Erika Nichols,Fantasy,2023-06-16,978-1-181-88429-0,,
Southern still during book.,Jeremy Chung,Romance,2003-10-06,978-0-04-675643-7,,No
,Vincent Lucas,Fiction,2008-07-02,INVALID,,Yes
Mrs development company town.,Timothy Russell,Mystery,2020-12-05,978-1-59418-738-4,something,
Hope care.,Anthony Morales,Romance,2007-08-10,978-0-7016-9486-9,,
Crime if listen behind.,Amy Ray,Sci-Fi,1979-07-02,978-1-178-26477-7,,Yes
Shoulder part phone.,Wesley Jones,Fantasy,2013-10-10,978-0-8362-9315-9,,
Miss western serve pass.,Tanner James,Non-Fiction,1986-07-23,978-1-85078-641-2,,
Unit anything against city.,Jessica Stewart,Sci-Fi,32-13-2020,978-1-81292-289-6,,No
Less protect speech section cold.,Michele Jones,Sci-Fi,1998-06-11,978-1-209-49488-3,much,
Later decision agreement own protect.,Robert Miller,Fantasy,2022-01-05,978-0-232-75788-0,,
Discussion after.,James Brooks,Fantasy,2012-10-07,978-1-948822-99-2,,No
Where finish hour but.,James Stewart,Mystery,2025-04-30,978-0-88571-054-6,hope,
Practice white but write.,,Fiction,1973-01-30,978-1-72261-535-2,,Yes
Society although kind.,Walter Peterson,Sci-Fi,1991-02-27,978-1-61168-287-8,,
Positive identify second.,Daniel Pugh,Fiction,2008-09-19,978-0-415-37826-0,,
Impact realize attorney.,Barbara Duncan,Sci-Fi,1971-11-25,978-1-928264-86-6,television,No
Science truth return deep.,Deanna Tyler,Fiction,2003-12-04,978-0-323-89704-4,,Yes
Hand similar business difficult.,Dr. David Ochoa,Fantasy,2018-01-02,978-1-281-37567-4,amount,Yes
Well really.,Melissa Dickson,Mystery,1995-11-08,978-1-4865-4213-0,,No
Main hundred something.,Amanda Anderson,Sci-Fi,2016-12-25,978-1-69723-574-6,,
A increase those actually certainly.,Mr. Joseph Bell MD,Romance,1979-04-23,978-1-73077-622-9,,Yes
Indeed anyone reduce Mrs design.,Margaret Barrett,Mystery,1970-12-21,978-1-58046-439-0,court,
Pressure the model participant.,David Jackson,Fantasy,2008-02-15,978-0-697-14388-4,,Yes
International lead response.,Eric Smith,Fiction,1971-08-12,INVALID,,No
Accept gun feeling past save.,Julie Franklin,Mystery,1971-10-10,978-1-890415-14-3,,Yes
Up hair charge treatment.,Heather Clarke,Fiction,2009-05-20,978-1-4358-6379-8,,Yes
First student such rather already.,Mr. Charles Short,Mystery,1993-10-12,978-0-920997-75-8,,No
Sing condition wonder.,Brian Williams,Non-Fiction,2023-01-06,978-0-551-32749-8,tough,No
Agent class so into upon.,Elizabeth Daniel,Fantasy,2011-04-17,978-1-5268-3857-5,,No
As sort allow.,Felicia Bullock,Sci-Fi,2017-02-21,978-0-12-862980-2,,Yes
Pretty peace.,Jeffery Patterson,Non-Fiction,2002-06-19,978-0-496-48891-9,meeting,
Record street whether reflect.,Joshua Gibbs,Non-Fiction,32-13-2020,978-0-8480-6175-3,civil,No
Say region money yourself.,Laura Brown,Sci-Fi,1991-09-20,978-1-76500-295-9,,
Whether property involve away court.,Rachel Osborne,Sci-Fi,1974-09-01,978-1-58660-605-3,,
Happy lawyer nor.,Robert Medina,Mystery,32-13-2020,978-1-5002-6538-0,,No
Our sign argue.,Carol Vazquez,Sci-Fi,1985-10-26,978-0-85743-262-9,,No
And high.,Megan Bowers,Non-Fiction,2019-03-10,978-1-233-40691-3,,No
Thing cup good direction.,Michelle Mendez,Fantasy,1973-10-21,978-0-444-82424-0,,Yes
Media sport out subject.,Lauren Golden,Romance,1996-06-01,978-1-309-55611-5,,No
Sing at letter.,Donna Carter,Mystery,32-13-2020,978-0-9858227-3-6,,Yes
By fill local matter.,Jessica Romero,Romance,32-13-2020,978-1-4755-1866-5,,No
Many mother window.,Jennifer Byrd MD,Unknown,1979-11-19,978-1-994578-88-1,turn,No
People identify to.,Ashley Leblanc,Romance,2007-11-30,978-0-9810977-9-4,,Yes
Reach middle building.,Dustin Robertson,Romance,1992-08-05,978-0-88025-250-8,,Yes
Floor be keep guess.,Jamie Harris,Sci-Fi,2004-05-03,978-1-74205-495-7,,
Race analysis million.,Katie Munoz,Romance,2000-01-30,978-0-10-516406-7,,No
Way environmental she operation.,Claudia Joseph,Sci-Fi,1970-02-26,978-1-4651-6420-9,include,
Wall plan we yourself.,Isabella Trevino,Mystery,1972-07-15,978-1-00-937848-2,,
Interesting use season television.,Samuel Guerrero,Fiction,1992-02-01,978-0-463-79455-5,,No
Majority may activity whatever.,Brandy Richards,Mystery,2000-06-12,INVALID,new,Yes
Official direction.,Steven Phillips PhD,Sci-Fi,1984-04-23,978-1-5148-1284-6,,
Try art.,Mrs. Victoria Stewart,Fiction,2021-10-21,978-1-206-63580-7,,Yes
Foreign buy its base.,Omar Ashley,Sci-Fi,1993-06-26,978-1-171-75845-7,,
Husband huge.,Kimberly Green,Fantasy,2024-03-26,978-0-12-455681-2,,No
Every it.,Andrew Smith,Mystery,2000-05-07,978-0-349-47852-4,,
Father Congress impact under.,Kathleen Wood,Sci-Fi,1979-02-15,978-1-170-71308-2,,No
Feel amount near.,Teresa Williams,Non-Fiction,1975-08-09,978-0-05-907240-1,,Yes
Agreement cut section friend.,William Brown,Sci-Fi,2016-02-16,978-0-551-35926-0,,No
Industry recognize community enter chair.,Stacey Newton,Mystery,2002-04-28,INVALID,,Yes
Agreement tough eight wrong.,Travis Cox,Romance,2007-11-03,978-1-378-12213-6,,
Above religious center.,Glenn Hernandez,Romance,2018-01-21,978-0-7725-2103-3,,
Environment meet.,Eugene Evans,Non-Fiction,32-13-2020,978-0-367-76059-5,,No
Father increase shake.,Rachel Rhodes,Sci-Fi,1988-11-12,978-0-8483-4389-7,four,
Miss learn sister.,Nathaniel Turner,Fantasy,1988-06-12,978-0-223-29929-0,,Yes
National itself serve.,Laurie Eaton,Fiction,1999-06-21,978-0-02-537434-8,cost,No
Remain member economic meet.,Gloria Mason,Fantasy,1977-07-05,978-0-676-96984-9,,No
Economy moment season skill.,Daniel Stone,Fiction,2013-10-29,978-0-475-58451-9,,No
Day room produce.,Jennifer Mcdaniel,Sci-Fi,32-13-2020,978-1-60269-231-2,,Yes
Call indicate administration.,Stephen Adams,Sci-Fi,2000-10-11,978-0-13-855373-9,,Yes
Itself glass one future.,Patrick Mckay,Romance,1975-05-18,978-0-14-025575-1,,Yes
Expect final another.,Jennifer Fowler,Fantasy,1993-12-17,978-1-79464-086-3,education,Yes
Marriage soldier.,William Gregory,Non-Fiction,1970-02-08,978-0-435-57598-4,,No
Collection moment white agency present.,Stephanie Walker,Fiction,1978-07-12,978-1-337-34583-5,a,No
Left trial.,Sharon Cunningham,Fantasy,2012-11-19,978-0-662-15741-0,,No
Floor professional group on nor.,Katie Morris,Sci-Fi,32-13-2020,978-0-429-92436-1,,No
Stop plan.,Timothy Kim,Fiction,2021-11-03,978-0-04-980951-2,,
Republican first just yeah.,Karen Ford,Mystery,1997-09-25,978-1-188-77588-1,,Yes
Bill throw back late fund.,Jennifer Hutchinson,Unknown,1977-10-03,978-0-304-35183-1,however,
Big main everyone.,Kristi Blake,Non-Fiction,2014-08-22,978-1-65240-552-8,,
Center everything.,Anthony Stewart,Fantasy,32-13-2020,978-1-5039-5499-1,,No
Per beat attention pick.,Kevin Reynolds,Non-Fiction,1994-09-25,978-0-9647854-4-1,,Yes
Investment cold situation know.,Krista Taylor,Fiction,2014-11-14,978-1-279-62212-4,,No
,Linda Jones,Fiction,1971-10-28,978-1-82697-914-5,,Yes
Accept its glass democratic.,Roy Cline,Fiction,1979-12-24,978-0-7503-4983-3,,
Itself good enjoy stop.,John Harris,Fiction,2019-07-18,978-0-12-067699-6,,
,Michelle Gonzales,Non-Fiction,1972-02-12,978-0-458-94340-1,idea,
Start space sell huge.,Candace Garcia,Mystery,1997-04-23,INVALID,,No
Bank sit left discussion home.,Daryl Howard,Mystery,1998-06-22,978-1-72420-453-0,,Yes
Worry my score less.,Taylor Garcia,Sci-Fi,2006-04-10,978-1-63258-174-7,hand,No
Get radio.,Alexis Cook,Fiction,1999-05-02,978-1-57630-868-4,,
Information present.,Michael Galvan,Fantasy,2000-08-17,978-1-61226-495-0,,No
Specific quality court.,Erica Lopez,Sci-Fi,1987-07-05,INVALID,back,No
Into listen read officer offer.,Carlos Ball,Mystery,2008-05-01,978-1-81456-918-1,,No
Something alone debate.,Jessica Fuentes,Unknown,1986-11-07,978-1-387-23136-2,,
Too model too perhaps base.,Laura Lee,Non-Fiction,1990-11-27,978-0-503-36502-8,,Yes
Interview weight month law listen.,Amanda Clark,Fiction,2008-06-18,978-1-257-18404-0,,No
Strategy sort.,Rachel Morgan,Mystery,1994-02-11,978-0-7290-9875-5,,Yes
Against nice event soon.,Shawn Webb,Fantasy,2008-06-18,978-1-362-95147-6,,
Glass sing certainly like morning.,Shannon Norris,Fiction,1972-08-31,978-0-441-51201-0,be,Yes
Network power few once.,Sabrina Barton,Romance,1986-09-19,978-0-947001-05-6,,No
Walk those really high home.,Christina Hawkins,Sci-Fi,2003-04-29,978-0-502-45043-5,,No
,Tina Perez,Fantasy,2010-10-27,978-0-927821-03-2,,
Event sister wide growth sort.,Michelle Burgess MD,Fantasy,32-13-2020,978-1-67917-269-4,big,No
Add owner first.,Adam Marshall,Romance,1995-12-31,978-0-308-79439-9,person,No
Beat their particular.,Brittany Anderson,Romance,1980-01-17,978-1-4432-1193-2,,No
Throw interest.,Amy Mcneil,Romance,1977-12-04,978-1-81760-440-7,,
Professional thank send stay.,Jessica Clayton,Romance,2001-06-02,978-1-329-65047-3,,
Lose go miss camera.,Karen Taylor,Mystery,1979-09-05,978-1-244-13440-9,,Yes
Painting seat argue.,Adam Townsend,Non-Fiction,2008-01-13,978-0-8354-2734-0,smile,
Point onto bar.,Lindsey Villegas,Mystery,32-13-2020,978-0-9609460-3-7,,Yes
Sing end stage operation.,Douglas Newman,Romance,2010-11-17,978-1-303-01116-0,,Yes
General view building deal woman.,Sandra Stanley,Non-Fiction,2003-07-21,978-0-19-053993-1,both,Yes
,Steven Wilson,Non-Fiction,2002-07-12,978-1-61583-844-8,,Yes
Better movement goal marriage.,David Brown,Sci-Fi,1976-03-05,978-1-144-71458-9,,
Behind street wonder prove.,Keith Gutierrez,Fantasy,1974-04-20,978-0-356-50019-5,,
Floor include.,Jason Edwards,Sci-Fi,2000-04-10,978-0-7662-0832-2,,Yes
,Mrs. Cynthia Sharp MD,Romance,1993-05-17,978-1-56706-227-4,,No
Similar drug sense Mrs.,Tyler Wolf,Non-Fiction,2010-05-16,978-1-333-16909-1,,
Pattern attention entire late.,Brett Wagner,Romance,1994-04-10,978-0-7114-6934-1,,Yes
Pass score pressure difference remember.,Tony Gilmore,Non-Fiction,32-13-2020,978-0-444-58354-3,reach,No
Crime into.,Kimberly Brown,Fiction,1972-01-08,978-0-515-41536-0,,Yes
Success sometimes her firm.,James Jackson,Non-Fiction,1981-07-09,978-0-12-466722-8,before,Yes
Assume successful push follow.,Logan Howard,Fiction,2020-01-06,978-1-941005-81-1,,No
Specific general official better.,,Fiction,1975-11-06,978-1-67644-633-0,might,Yes
Stop range room once join.,Christopher Pierce,Romance,2012-07-27,978-0-03-771621-1,,Yes
Mother consumer southern.,Amanda Arnold,Sci-Fi,1984-04-15,978-1-954244-18-4,,
Low individual.,Cory Washington,Mystery,1972-12-23,978-1-57027-343-8,,Yes
Mean ball explain generation when.,Benjamin Lin,Fantasy,1972-07-06,978-0-02-868706-3,including,Yes
Nature analysis.,Dylan Morris,Sci-Fi,1991-12-21,978-0-9668241-1-7,hot,Yes
Event both chance dog.,Michael Moore,Sci-Fi,2013-10-25,978-0-386-74759-1,themselves,Yes
Myself hospital.,Jason Anderson,Mystery,1970-12-10,978-0-572-75072-5,,No
Parent others behind.,Tracy Brown,Romance,2023-02-21,978-1-226-56614-3,,No
Happen picture true north about.,Don Carter,Fantasy,2016-11-03,978-1-918383-63-8,,No
Idea get save admit.,Eric Sellers,Romance,1992-04-09,978-1-67362-730-5,finally,No
,Robert Allen,Non-Fiction,2024-01-08,978-1-86577-867-9,,
Return world.,Mr. Charles Taylor,Romance,1993-10-04,978-0-299-79594-8,,No
Film lay.,Dennis Smith,Non-Fiction,1996-11-30,978-0-560-53872-4,,Yes
Pull town accept defense seat.,Amanda Romero,Sci-Fi,2024-04-27,978-1-5344-4777-6,,Yes
Old others.,Hannah Frank,Sci-Fi,2009-10-19,978-1-205-61212-0,,
Everyone report mind.,Jeffrey Jones,Mystery,1983-09-23,978-0-347-15562-5,skin,
Rather usually sea open nation.,Regina Bennett,Fantasy,1999-11-11,978-1-4002-0866-1,race,
Sea see statement perform.,Christine Wilson,Unknown,1973-04-30,978-0-417-90090-2,,Yes
Service read with similar.,Julie Cole,Fantasy,1988-03-16,978-1-4596-8805-6,,No
Door address street.,Justin Clay,Mystery,2020-11-26,978-1-68377-152-4,,Yes
When artist policy themselves.,Christopher Owen,Non-Fiction,1984-08-23,978-0-15-283084-7,,No
One ever whatever reveal high.,Darren Oconnor,Mystery,2022-06-25,978-0-548-40131-6,,No
American me somebody particular.,David Hooper,Sci-Fi,2002-02-10,INVALID,,
Often girl money me.,Joseph Lutz,Fantasy,2000-01-05,978-1-184-28713-5,,Yes
Deal force money however.,Jordan Roberts,Fiction,32-13-2020,978-1-70459-902-1,,No
Race range claim.,Andrew Medina Jr.,Non-Fiction,2002-08-08,978-1-4711-4241-3,,
Allow money for style.,Amanda Wilson,Mystery,2005-03-04,978-1-162-85112-9,,No
Board choice fear sell manage.,Regina Harrison,Mystery,2008-01-23,978-0-07-700270-1,,No
Effect Democrat prove need.,Yesenia Gray,Fiction,1991-10-09,978-1-292-51785-8,,
Responsibility dark catch talk worker.,Jason Long,Non-Fiction,32-13-2020,978-0-494-16582-9,,
Customer couple election.,,Non-Fiction,2005-11-16,978-1-85519-367-3,,Yes
Remember get want.,Troy Hardy,Mystery,1970-11-02,978-1-277-18869-1,would,No
Media carry home kid.,William Smith,Romance,2004-07-12,978-0-07-190002-7,,No
Effort ever general.,Brittany Mcpherson,Sci-Fi,32-13-2020,978-1-58508-523-1,,
Possible first across hundred town.,Bryan Mueller,Romance,1985-08-15,978-0-9857686-6-9,,
,,Unknown,2000-07-24,978-1-202-46255-1,,
Full push off.,Dr. Taylor Avila,Fantasy,2011-03-21,978-1-74014-932-7,,
Education series occur.,Melissa Stanley,Mystery,2012-08-26,978-0-942132-22-9,unit,
Short him Democrat daughter.,Jonathan Bauer,Fiction,1987-10-27,978-0-422-01217-1,,
Night have necessary economy anyone.,Craig Nguyen,Mystery,2023-05-27,978-0-9602526-0-2,long,Yes
Good example evening herself.,Jeremy Brooks,Mystery,2025-06-09,978-0-442-36524-0,,
Oil because pay listen.,Belinda Evans,Mystery,2005-10-13,978-1-274-10269-0,,Yes
Ground hear important but table.,Christopher Hanna,Fiction,2012-10-02,978-0-8162-6570-1,,Yes
Require media parent bit appear.,Sean Cochran,Romance,32-13-2020,978-0-622-82870-1,,Yes
Scene focus lead out test.,Anita Marquez,Fantasy,1979-02-13,978-1-08-725882-9,responsibility,Yes
Chance realize.,Tiffany Allen,Fiction,2004-12-23,978-1-86967-554-7,,No
Collection whom.,Charlene Lee,Sci-Fi,1986-01-24,978-1-150-61596-2,others,No
Less low car movement.,Stephen Walsh,Romance,1981-07-07,978-0-239-80925-4,,
,Amanda Stephens,Fantasy,2006-08-08,978-1-110-50330-8,,No
Cultural action structure enough thousand.,Melinda Brown,Non-Fiction,32-13-2020,978-1-891492-20-4,animal,
Usually night trip.,Tina Lynn,Fantasy,2001-10-10,978-1-343-75985-5,,Yes
Cover nice.,Andrew Zimmerman,Fantasy,2015-05-12,978-0-309-56776-3,,Yes
Tax lot stay.,Kevin Miller,Sci-Fi,1981-03-18,978-1-961477-42-1,fine,Yes
You each establish.,Kaitlin Alvarez,Non-Fiction,2017-02-08,978-0-565-82759-5,,No
Material party total quickly.,Holly Murphy,Romance,2013-05-09,978-1-78599-442-5,,
Dark experience stand.,James Johnson,Sci-Fi,2021-08-11,978-1-07-705605-3,green,
Open bill table claim make.,Scott Cruz,Fantasy,2019-07-12,978-1-241-73237-0,,
People successful around.,Cheryl Martin,Romance,1997-06-22,978-1-379-85683-2,rate,
Thing war her.,Teresa Clark,Fiction,2000-12-03,978-0-00-661877-5,stay,No
Painting increase over down history.,Christopher Raymond,Fantasy,2014-02-12,978-0-943321-23-3,,No
Investment event scientist perform town.,Ricardo Murray,Fantasy,32-13-2020,INVALID,,
Meeting ahead.,Christopher Henry,Non-Fiction,2016-03-24,978-0-281-78001-3,,
Book family product.,Harold Parker,Fantasy,2004-05-05,978-1-79566-496-7,,No
Discussion address list.,Stacy Allen,Unknown,2005-11-10,978-0-8343-7347-1,,Yes
Range company himself role better.,Daniel Simmons,Sci-Fi,2012-10-19,978-0-404-70850-4,,
Development capital.,Gina Brown,Mystery,2021-10-29,978-1-881219-04-0,such,Yes
His enter father foreign cultural.,Carlos Dominguez,Mystery,32-13-2020,978-1-204-83622-0,kitchen,Yes
Budget most matter lawyer own.,Pamela Gray,Non-Fiction,2012-08-19,978-0-558-32538-1,,No
Speak region least result for.,Troy Johnson,Romance,2005-06-17,978-0-935262-88-9,work,
Another later life best.,Brian Simmons,Fiction,1977-08-11,978-0-695-86905-2,,Yes
Take ok one.,Riley Conway,Non-Fiction,2016-09-02,978-1-145-93300-2,,No
,Brenda Carroll,Fiction,32-13-2020,978-0-515-03438-7,,
Down yourself week.,Tyler Vaughn,Romance,2016-11-14,978-0-640-23454-6,,No
Scientist about worry condition.,Elizabeth Farmer,Fantasy,1982-12-28,978-0-03-093552-7,word,No
In check five election next.,Heather Cook,Non-Fiction,2010-08-07,978-0-375-24342-4,plant,Yes
Support knowledge staff ok police.,David Flynn,Non-Fiction,1971-08-06,978-1-340-04224-0,,Yes
From wear concern start.,Edward Ochoa,Fiction,1978-08-27,978-0-7598-2439-3,,Yes
Republican true item member newspaper.,Angela Mendoza,Non-Fiction,2024-06-03,978-0-212-12597-5,,Yes
,Jessica Park,Fantasy,2004-05-31,978-0-577-57739-6,,Yes
,Jacob Cruz,Romance,1991-01-04,978-1-138-31623-2,,No
System us present.,Jackie Mahoney,Sci-Fi,1986-12-19,978-1-74656-730-9,,
Prevent explain need up.,Nicholas Cruz,Fiction,1989-03-03,INVALID,community,No
Position better eight.,Olivia Brewer,Sci-Fi,1992-01-15,978-0-88624-381-4,,
Simply meet drug.,Christine Wheeler,Sci-Fi,2008-05-07,978-1-958335-99-4,,No
Fear appear.,Thomas Henry,Fiction,2020-12-12,978-1-55784-529-0,,
Feel civil if per operation.,Michael Garner,Fiction,32-13-2020,978-1-82651-145-1,,
Off do site sense.,Ethan Campos,Sci-Fi,1996-08-16,978-1-119-78909-3,,No
Behavior miss.,Tonya Foster,Fiction,1992-02-29,978-0-324-48153-2,,No
,David Hodges,Fiction,1998-11-21,978-0-317-06310-3,,No
Try at.,Joanne Smith,Sci-Fi,1974-05-20,978-0-523-12139-0,four,No
Wide nor.,Alexander Welch,Unknown,1976-06-07,978-0-7720-6515-5,,
Else past law which church.,Brenda White,Non-Fiction,2016-03-18,978-0-16-856977-9,ago,
Compare any.,Michelle Graham,Sci-Fi,2023-08-02,978-1-65603-432-8,be,Yes
So father others.,Daniel Washington,Non-Fiction,2021-04-07,978-1-260-68856-6,,Yes
,Evan Patterson,Fantasy,2016-12-12,978-1-354-80019-5,,No
,Michael Duran,Fantasy,2009-06-19,978-0-619-91720-3,clearly,
Per realize born.,James Rivera,Mystery,2005-04-03,978-1-69352-315-1,,No
How know.,Michelle Austin,Non-Fiction,1999-02-20,978-1-4500-2234-7,,Yes
Newspaper throw again.,Adam Moreno,Unknown,2022-04-11,978-1-80094-313-1,power,Yes
Focus enter common forget.,Jennifer Gray,Romance,2004-09-22,978-1-80849-155-9,,
Agreement success.,Sara Grant,Sci-Fi,32-13-2020,978-1-7340318-4-3,,
Stuff rich history.,Kathy Roman,Romance,2003-12-20,978-0-239-03745-9,,Yes
Culture believe TV interview amount.,Keith Allen,Fiction,2005-01-22,978-0-291-88521-0,,No
Seek fly describe water.,Nicholas Ryan,Fantasy,1980-04-08,978-0-360-54677-6,smile,No
Form of back.,Brenda Davis,Fiction,2004-12-20,978-0-8378-0444-6,stock,Yes
Computer time.,Beth Smith,Fiction,1985-06-22,978-0-515-50313-5,,Yes
Environment like fall.,Jennifer Li,Romance,2015-12-05,978-0-224-58222-3,drug,
Music talk process.,Susan Roberts,Mystery,1987-04-10,978-1-925287-86-8,chair,
Glass low not.,Karen Hinton,Fiction,1999-06-14,978-1-58413-428-2,down,
Among follow kitchen.,Stephanie Adams,Unknown,1988-07-28,978-1-72164-936-5,,No
Window music.,Larry Rodgers,Sci-Fi,2016-02-11,978-0-297-52014-6,,Yes
By heart keep item should.,Gabriel Young,Romance,32-13-2020,978-1-887462-46-4,peace,
Know provide issue.,William Aguilar,Fantasy,32-13-2020,978-0-458-56469-9,,
Each professor gas theory.,William Kennedy,Sci-Fi,2020-02-07,978-1-955244-35-0,,No
Right condition surface not.,James Whitaker,Sci-Fi,1998-10-25,978-0-00-807200-1,,Yes
Education special heavy who.,Katherine Cooper,Mystery,32-13-2020,978-1-912598-92-2,,No
Short report rate fill case.,Amanda Mclaughlin,Romance,2017-11-26,978-1-256-01659-5,,Yes
Rest take leg.,Brianna Green DDS,Fantasy,1997-10-17,978-1-4403-7551-4,,No
Us reduce.,Carlos Butler,Sci-Fi,2024-10-04,978-0-9620471-2-1,,No
With build rise fact.,James Rubio,Romance,2016-04-24,978-0-277-76480-5,,
Right should collection.,Scott Murray,Mystery,32-13-2020,978-1-882228-57-7,,No
Despite tell Democrat.,Brian Klein,Mystery,2005-02-04,978-1-04-720098-1,,
Some live myself.,Matthew Nolan,Non-Fiction,2014-02-22,978-0-06-683234-0,,
Word fast.,Samantha Humphrey,Romance,2019-03-18,978-1-906102-91-3,,
Herself toward surface institution.,Linda Simmons,Mystery,1989-11-01,978-1-4623-4100-9,,No
Her third learn subject world.,Stephanie White,Romance,2004-08-31,978-1-4336-3991-3,,No
Tough around half fill.,David Wolfe,Sci-Fi,1973-02-20,978-0-87401-644-4,,Yes
Dream often democratic provide truth.,Lindsey Hall,Mystery,1982-10-20,978-1-365-00637-1,,Yes
Itself reveal Democrat.,Melvin Cruz,Fantasy,32-13-2020,978-0-446-98957-2,,No
,John Miller,Sci-Fi,1986-11-12,978-0-483-45027-1,,No
Camera dream.,Carl Velazquez,Fantasy,1972-10-18,978-1-884226-24-3,,
Spring city recognize choose.,Angela White,Romance,1972-05-31,978-1-63493-674-3,,Yes
Possible mother start spend.,Michael Whitney,Fantasy,1997-05-07,978-1-73063-450-5,exactly,No
Establish stay evening dream.,Randall Chambers,Fantasy,2019-08-13,978-1-370-49974-8,,Yes
Plan blue wait land.,Carol Gilmore,Non-Fiction,32-13-2020,978-0-229-66275-3,,Yes
Someone hot personal.,Daniel Collins,Fantasy,1989-03-01,978-1-71270-304-5,,
Pass body within the tonight.,William Norris,Fantasy,1978-08-15,978-1-64640-272-4,,No
Agreement memory west.,Duane Henderson,Fantasy,1994-08-22,978-0-695-05396-3,,Yes
Rise mean.,Christopher Wiley,Fantasy,1982-11-09,INVALID,,No
,Samuel Murphy,Fiction,2001-12-13,978-0-514-13746-1,,Yes
Without ask.,Gina Hicks,Romance,2013-11-21,978-0-455-88373-1,,
,Heather Barry,Mystery,1998-06-14,978-0-11-330046-4,college,No
Some act father loss.,Sydney Rogers,Non-Fiction,1983-07-28,978-0-07-876402-8,list,No
Claim sort.,Edwin Graves,Fantasy,1986-07-04,978-0-678-88446-1,,No
Theory cold.,Taylor Harris,Fiction,2006-11-23,978-1-57074-539-3,,No
Present edge reveal.,Melissa Clark,Non-Fiction,2009-09-15,978-1-82361-575-6,,Yes
Letter range.,Ashley Alvarado,Sci-Fi,1972-08-13,978-1-886246-86-7,,Yes
Two us us give.,David Wolf,Non-Fiction,1989-10-08,978-1-9995221-4-8,,No
Perform drive past gas.,Brittany Riley,Fiction,2011-02-28,978-0-02-732953-7,,Yes
Agency different.,Holly Marsh,Romance,2020-07-12,978-0-88386-134-9,,
Positive main happy thousand institution.,Gregory Garcia,Mystery,1993-01-23,978-0-85205-800-8,,No
Have series brother democratic beat.,Jessica Richards,Sci-Fi,1995-08-03,978-1-83610-942-6,,No
Easy able.,Todd Spencer,Fantasy,2011-11-27,978-1-4241-1751-2,,Yes
Camera line father difference natural.,Maria Carr,Mystery,1987-04-07,INVALID,,
Address want sell voice.,Melissa Chavez,Mystery,1993-06-03,978-1-08-985368-8,,No
Truth political increase upon class.,Kendra Clark,Sci-Fi,1975-11-22,978-1-70076-378-5,,
Today suffer whatever father.,Lisa Richardson,Fantasy,2003-08-03,978-1-192-31808-1,finish,
Rather edge.,Amanda White,Fiction,1981-12-15,978-1-9837-0077-4,,
Issue range dark hour.,John Soto,Fiction,1973-11-13,978-0-7735-1317-4,sound,
Subject within.,Lindsey Reese,Mystery,2022-11-25,978-0-88918-835-8,,
Law matter lay.,Ryan Taylor,Fantasy,1975-08-06,978-0-492-34545-2,,
,Amanda Oliver,Non-Fiction,1993-04-20,978-1-62163-767-7,,Yes
Not employee.,Zachary Williams,Non-Fiction,1974-07-20,978-1-373-57629-3,,No
Right let exist all tonight.,Jeff Jones,Sci-Fi,2018-01-02,978-0-04-147633-0,,
Side still Democrat their.,Roberto Camacho,Fiction,1993-06-26,978-0-8424-4929-8,,No
Alone western.,Kelly Flores,Fantasy,2016-08-10,978-0-85200-856-0,,Yes
Himself teacher than.,Jean Maxwell,Romance,2004-12-16,978-1-211-79283-0,past,
Light base.,Mr. Matthew Sanchez,Unknown,1974-06-29,978-1-4671-4732-3,state,Yes
Rock customer agency last.,Taylor Griffin,Fantasy,2009-06-02,978-0-7758-4966-0,,
Wish leader represent without.,Nicholas Coleman,Mystery,2006-03-21,978-1-340-96253-1,,
Current speak official drive.,Emily Kennedy,Romance,32-13-2020,978-1-4743-8933-4,,
Us know time.,Troy Chapman,Romance,2002-10-24,978-0-7516-7780-5,on,No
Agent design political.,Jasmine Hudson,Fiction,2018-12-06,978-0-355-90443-7,,
Like along deep agreement instead.,Jo Macias,Romance,1989-04-07,978-0-7243-4743-8,,Yes
After agency around partner.,Larry Hamilton,Sci-Fi,2021-06-14,978-1-910295-57-1,,No
Size into remember reflect.,Samantha Pierce,Non-Fiction,2023-10-10,978-1-221-46224-2,,Yes
Member enter scientist minute why.,Daniel Larson,Fantasy,1976-05-23,978-0-563-26142-1,business,No
Society wear watch without blue.,Ariel Williamson,Romance,2014-09-29,978-0-557-25248-0,,Yes
Option skin station audience total.,Dustin Reynolds,Mystery,2016-06-22,978-1-318-59592-1,,No
Somebody could officer you.,Alexandra Stanley,Fantasy,2008-08-15,978-1-77891-870-4,talk,No
Dream white large yet.,William Cherry,Mystery,2021-10-09,978-0-8325-2406-6,,No
Bit law.,Jacob White,Non-Fiction,2024-12-10,978-0-7841-2496-3,,No
Show buy box.,Jamie Adkins,Mystery,1994-04-03,978-0-10-888758-1,,
Scene never.,Alison Elliott,Non-Fiction,2007-06-14,978-0-290-69976-4,agreement,Yes
Environmental amount book water.,Dustin Cooper,Sci-Fi,2000-08-20,978-0-8494-0528-0,,Yes
Former discussion safe girl.,Marc Crawford,Non-Fiction,1970-02-08,978-1-147-46185-5,,
Knowledge six toward.,Brian Chen,Romance,1983-01-29,978-0-582-56724-5,,
Present protect play white.,Daniel Johnson,Fantasy,1976-02-14,978-0-531-63778-4,,Yes
How least purpose.,Dr. Seth Hughes MD,Romance,2025-02-23,978-1-71559-395-7,,Yes
Practice if identify.,Kimberly Bell,Fiction,2019-11-13,978-1-61464-644-0,least,No
Modern stop.,Jeffrey Joyce,Fiction,1982-02-08,INVALID,,No
Pull civil season down simple.,Kevin Williams,Unknown,1987-06-16,978-0-86803-764-6,,Yes
Skin four country.,Christopher Sims,Romance,1987-07-08,978-1-240-16812-5,network,No
Thing what civil arm.,Rebecca Williams,Sci-Fi,2022-09-07,978-0-943565-24-8,,No
Nation particular nothing blood.,Cameron Reed,Mystery,2003-12-24,978-0-7315-2934-6,number,No
Challenge stop head.,Stacey Torres,Fantasy,32-13-2020,978-0-441-24367-9,value,
Nearly southern.,Christopher Mueller PhD,Fiction,2013-08-11,978-1-81208-403-7,base,
Happy soon suggest free.,Benjamin Rodriguez,Fiction,1970-07-13,978-1-879496-28-6,,No
Certainly who too threat.,Joseph Stewart,Romance,1987-03-03,978-0-89775-772-0,manage,No
Interest show situation.,Chelsea Young,Mystery,2011-07-05,978-1-08-937573-9,,
Yourself season those each.,Brandon Myers,Fiction,1986-01-23,978-1-309-91791-6,officer,Yes
Situation by month.,Michael Weber,Fiction,2020-11-29,978-0-9502215-7-1,,
,Keith Harrison,Fantasy,1997-09-25,978-1-70978-052-3,,No
Economic professional anyone include.,Joel Perez,Mystery,2023-03-14,978-1-297-33943-1,,Yes
Likely us prevent.,Lisa Baldwin,Fiction,2000-09-05,978-1-5362-2385-9,,Yes
Kind assume.,Ryan Johnston,Fantasy,2000-10-29,978-0-557-22793-8,,Yes
Ok dream.,Tim Peters,Non-Fiction,2018-05-28,978-1-137-50272-8,,Yes
Paper network begin window.,Laura Smith,Sci-Fi,2006-11-28,978-1-4430-5319-8,become,
Everything arm television.,Robert Reilly,Non-Fiction,2002-02-06,978-1-4745-7007-7,,
Hour crime nice decade.,Wanda Coleman,Mystery,2006-03-06,978-0-209-52452-1,,Yes
Sound for focus.,Christopher Wagner,Sci-Fi,2021-01-08,978-0-08-722813-9,bring,
Maybe far hair.,Carla Browning,Fantasy,1987-01-23,978-1-361-92188-3,,
Operation need state about current.,Jessica Shelton,Non-Fiction,32-13-2020,978-0-565-28659-0,,
Stay watch fine true.,Jonathan Hill,Sci-Fi,2008-05-22,978-0-420-10541-7,,No
Paper hour drug.,Tiffany Fernandez,Fantasy,1973-10-13,978-0-406-73963-6,,
Gun staff open white.,Chad Chambers,Fantasy,1975-02-26,978-1-57442-706-6,,Yes
Program top parent feeling.,Scott Howard,Fantasy,1972-06-04,978-0-01-578713-4,,
Those road.,Martin Carter,Fiction,2015-03-27,978-1-9805-6298-6,,No
Happy whatever particular.,Ashley Jenkins DDS,Fiction,1985-09-01,978-1-55336-011-7,,No
,Sara Cruz,Romance,1989-07-24,978-0-13-437080-4,,Yes
Important instead item exist.,Douglas Robinson,Fantasy,2015-09-17,978-0-11-263653-3,chair,
Subject activity successful.,Lynn Holland,Mystery,2001-08-21,978-0-906344-43-9,capital,Yes
Suddenly level grow each.,Sylvia Gonzalez,Sci-Fi,1994-07-19,978-0-371-04018-8,,
None argue time billion.,Sherry Garcia,Fiction,1992-06-10,978-1-00-421836-3,,Yes
Human cover hope middle decade.,Brian Pham,Sci-Fi,1987-12-25,978-0-628-20861-3,either,No
Explain Republican will.,Travis Perez,Mystery,2018-04-05,978-0-89135-263-1,city,Yes
List agency least member.,Jennifer Villa,Sci-Fi,2013-10-04,978-0-287-08137-4,,No
Letter whatever.,Jason Johnson,Sci-Fi,32-13-2020,978-1-56506-689-2,,
Grow result among here.,Douglas Newton,Romance,1984-06-05,978-1-57452-868-8,,Yes
Guess now actually.,Elizabeth Mcknight,Non-Fiction,32-13-2020,978-1-351-04951-1,,
Really respond person of.,Nathaniel Hughes,Non-Fiction,1984-06-02,978-0-380-70526-9,,
Happen safe mission act.,Christopher Lopez,Mystery,2024-06-12,978-1-5225-5178-2,responsibility,Yes
Course resource compare.,Cindy Lopez,Mystery,1991-03-17,INVALID,,
Style keep.,Jennifer Andrade,Sci-Fi,1995-05-28,978-1-5137-7180-9,,
Want different page best.,Amanda Salazar,Mystery,1980-08-14,978-0-412-70799-5,,
Various argue political record.,Marcus Simmons,Non-Fiction,1981-01-30,978-0-16-076391-5,,No
Try measure poor scientist minute.,John Garrett,Mystery,1997-05-05,978-0-431-49949-9,may,No
Bed central.,Andrew Brown,Mystery,1994-07-12,978-0-283-91584-0,,
Want idea interview turn situation.,William Neal,Fantasy,32-13-2020,978-1-339-33792-0,,
Role stand present attorney.,Edward Carpenter,Fiction,2018-10-14,978-1-65760-549-7,power,Yes
Strong campaign than unit.,Joshua Knight,Sci-Fi,1978-12-02,978-1-84995-662-8,,No
Black majority suffer same.,Jordan Waller,Sci-Fi,1970-04-29,978-0-698-44967-1,,Yes
Agency phone feeling.,Stephen Oconnell,Romance,1988-09-24,978-0-7210-2498-1,,No
Stand piece toward measure.,David Boone,Non-Fiction,2004-10-26,978-0-649-29132-8,social,No
Subject material stay son.,Shelly Johnson DDS,Fiction,2022-05-23,978-0-569-44563-4,,
Wrong store station course physical.,Charlotte Edwards,Non-Fiction,1997-04-22,978-0-03-587761-7,,No
Name next.,Lisa Hall,Sci-Fi,1989-10-25,978-0-342-86632-8,,No
,Laura Le,Romance,32-13-2020,978-1-272-24734-8,charge,
Over hear affect miss.,Brian Gross,Mystery,1973-06-10,978-0-484-87157-0,,No
Baby spend go hospital account.,Sabrina Love,Non-Fiction,1989-05-16,INVALID,,
Third quality statement research speak.,Brian King,Non-Fiction,1986-06-06,978-1-962675-59-8,,
Say environmental material.,Jeffrey Ferguson,Fantasy,2020-08-15,978-0-371-74304-1,,Yes
Identify stock.,Joseph Morgan,Fiction,1991-01-24,978-1-85666-163-8,,
,Thomas Smith,Unknown,1978-09-04,978-0-909904-49-4,radio,Yes
Production consumer bed energy.,Jennifer Mitchell,Non-Fiction,2019-08-31,INVALID,size,No
Reduce election first sound contain.,Alexandria Walker,Mystery,1986-10-03,978-0-232-95288-9,receive,
What cause human letter.,Max Yu,Sci-Fi,1974-03-16,978-0-323-79343-8,,Yes
Available value sell ability raise.,Haley Hart,Sci-Fi,32-13-2020,978-1-271-53256-8,age,Yes
Soldier old head.,Christine Cunningham,Romance,1971-06-16,978-1-5124-1879-8,,Yes
Road certainly customer.,Emily Watkins,Fiction,2023-01-23,978-0-11-570184-9,,No
Director food.,Sean Roth,Mystery,2016-02-20,978-1-877266-85-0,,
Local common it heavy.,Christina Trujillo,Non-Fiction,2005-03-12,978-1-56054-062-5,,Yes
Camera ever whom if.,Aaron Dickerson,Fiction,1972-08-10,INVALID,beat,
Discover more agreement training.,Anthony Kelly,Fiction,1988-08-12,978-0-621-57915-4,,Yes
Yourself security real sort land.,Kelly Murray,Sci-Fi,2014-08-21,978-0-556-50631-7,,Yes
,Diane Escobar,Romance,2023-06-16,978-1-82423-342-3,,
Floor long.,Monica Vargas,Fantasy,1998-03-12,978-1-74466-027-9,,Yes
Left college person.,Joseph Wilson,Fiction,1983-07-17,978-1-80772-644-7,,
Letter teacher big.,Jason Wood,Sci-Fi,1986-02-10,978-1-85857-475-2,,Yes
Marriage green.,Catherine Brooks,Romance,2013-04-05,978-0-03-842248-7,,Yes
Head ready organization key likely.,Jennifer Henderson,Non-Fiction,2012-05-24,978-1-06-632014-1,finally,Yes
Hair sign TV.,Kirsten Smith,Fantasy,2000-02-07,978-0-224-54769-7,,Yes
Attorney age.,Kim Nelson,Fantasy,1989-02-28,978-0-934484-34-3,,
See nice technology along.,Monica Gonzalez,Sci-Fi,2010-08-23,978-1-75880-742-4,,Yes
Themselves mean strategy one.,Patrick Stewart,Fantasy,32-13-2020,978-0-9538568-0-0,people,No
Not allow radio over minute.,Sean Garrett,Non-Fiction,1989-10-06,978-1-181-70853-4,,
Our prove.,Mark Haynes,Sci-Fi,2016-01-16,978-0-01-180201-5,,
Perhaps contain indeed matter activity.,Jeffrey Mendoza,Fiction,1989-11-02,978-1-961454-50-7,,
Center break someone team.,Mackenzie Butler,Romance,1986-02-14,978-0-14-971506-5,,
Cover seat already.,Joshua Johnson,Fiction,2001-08-07,978-1-4016-3570-1,,
They several brother.,Tina Pineda,Fiction,2019-11-14,978-1-69171-490-2,camera,
Local action little.,Joshua White,Non-Fiction,1984-04-30,978-0-464-57378-4,,
Body late training.,Lisa Carr,Fiction,2008-06-07,978-1-66319-156-4,,No
Bed whose Congress election.,Yolanda Bush,Mystery,1982-05-06,978-1-07-001994-9,,No
Above rest admit next.,Samuel Mills,Non-Fiction,1995-02-10,INVALID,,
Model weight far stuff.,Thomas Cunningham,Fantasy,1976-10-01,978-0-347-74665-6,,No
Attack program must.,Cristina Torres,Non-Fiction,1982-09-04,978-0-684-11519-1,one,
Opportunity exist more beat.,Kayla Crane,Non-Fiction,2014-08-31,978-0-697-10864-7,,No
Avoid hospital.,Jenny Reed,Non-Fiction,1992-09-29,978-0-916656-10-2,quite,No
Month yourself seven agent.,Anthony Castro,Sci-Fi,2003-02-12,978-0-215-22530-6,,Yes
Serve guess body.,Nicole Vazquez,Sci-Fi,32-13-2020,978-1-03-121017-0,current,No
Very among lose.,Edward Reyes,Sci-Fi,1998-09-28,978-0-08-940716-7,short,Yes
Guy bar fish hair.,Anthony Castro,Romance,32-13-2020,978-0-06-463193-8,,
Far response the section.,Samantha Lynch,Non-Fiction,2007-02-19,978-0-7130-9598-2,,Yes
People mean.,Angela Friedman,Sci-Fi,2022-08-19,978-1-7343234-0-5,,No
Cultural main language provide.,Brittany Flores,Unknown,32-13-2020,INVALID,,
Career social audience.,Robert Lang,Romance,2019-10-13,978-1-952157-84-4,,
,Victoria Jimenez,Mystery,1978-02-25,978-0-7487-9193-4,,
If down network manage.,Franklin Martinez,Non-Fiction,2018-03-12,978-1-375-33822-6,,No
Decide ball.,Bradley Fields,Mystery,32-13-2020,978-1-216-69261-6,,Yes
Recognize organization power fill.,Grant Levine,Non-Fiction,1979-10-02,978-1-81018-948-2,democratic,Yes
Theory from.,Jonathan Lewis,Mystery,2004-08-31,978-1-58702-634-8,,Yes
Trip listen.,Edward Wall,Unknown,2008-07-11,978-0-565-92904-6,,
Into key kind country improve.,Tracy White,Unknown,2001-12-06,978-0-7758-0415-7,,Yes
Yeah cover air however expert.,Ellen Martinez,Mystery,2024-11-22,978-1-274-29734-1,,No
Seek remain find third.,Taylor Orozco,Mystery,2013-10-24,978-1-62092-966-7,,Yes
So job never away.,Kevin Brown,Sci-Fi,32-13-2020,978-1-160-10795-2,,Yes
Impact lead first system any.,Susan Sutton,Mystery,1980-12-08,978-0-351-42397-0,room,No
Share significant must no course.,John Cruz,Fiction,1970-04-25,978-0-417-98529-9,art,Yes
,Laura Woods,Mystery,2012-05-10,978-0-8003-8396-1,,No
Hot plan.,Howard Taylor,Non-Fiction,1994-03-27,978-1-199-96600-1,,No
Dream beyond wear determine.,Erin Smith,Fantasy,1975-05-03,978-0-86973-220-5,,No
Trade say item hit particularly.,Peter Moore,Mystery,1971-07-31,978-1-334-29903-2,,No
Peace smile speech.,Mr. Steven Mccarthy,Mystery,1970-09-07,INVALID,,No
Enough born stage land director.,Dakota Mitchell,Sci-Fi,1997-08-21,978-0-338-89117-4,,
Enjoy program meet.,George Curry,Non-Fiction,1987-07-16,978-1-4363-3868-4,manager,
Find total but people free.,Kayla Stewart,Non-Fiction,2012-07-14,978-0-217-28732-6,,No
Involve strong or account.,Daniel Daniels,Fiction,1983-03-31,978-0-370-77175-5,,No
She network now different.,Gregory Munoz,Fiction,1972-07-22,978-0-7302-2086-2,,Yes
Read push resource.,Jacob Brown,Romance,1975-03-21,978-1-955492-95-9,,Yes
Almost measure focus piece.,James Chandler,Mystery,1986-12-01,978-0-06-408699-8,,No
Certainly treatment question.,Morgan Rivera,Sci-Fi,1978-01-06,978-1-4889-0911-5,,
Read tend consumer.,Elizabeth Smith,Sci-Fi,1989-04-04,INVALID,avoid,No
Month leg.,Douglas Brown,Non-Fiction,32-13-2020,978-1-77568-027-7,,No
After use.,Robin Wilson,Romance,2022-01-22,978-0-7612-2648-2,,Yes
,Charlene Kirk,Sci-Fi,2012-10-18,978-0-09-361606-7,,
Adult even gas.,Edward Hansen,Romance,1989-03-25,978-1-80293-723-7,,Yes
Capital on concern.,Diane Smith,Non-Fiction,1984-03-15,978-0-88556-977-9,hundred,No
Red but answer information.,Michelle Clark,Mystery,1999-01-21,978-0-9612276-9-2,,Yes
Whether glass true.,Rhonda Espinoza,Fantasy,1998-07-08,978-1-58950-336-6,write,Yes
Quickly home time other.,Hannah Mcknight,Non-Fiction,2023-07-05,978-0-616-57353-2,,Yes
,Edward White,Fiction,1970-07-05,INVALID,hotel,
Artist provide real.,Michelle Dorsey,Fantasy,1988-09-04,978-0-930305-67-3,,Yes
Marriage degree thousand.,Ronald Sullivan,Fiction,1988-09-20,978-0-396-20265-3,,Yes
Turn career billion money ago.,Michael Blair,Romance,1991-09-20,978-0-04-138970-8,,
Tree rest.,Paul Mullen,Fiction,1979-07-12,978-0-308-26330-7,yard,No
Speech church mouth.,Timothy Hanson,Romance,2002-05-16,978-0-267-62002-9,,No
About body card exist.,Pamela Salazar,Sci-Fi,2004-08-11,INVALID,condition,No
News no society still.,Brian Carroll,Mystery,2015-08-18,978-0-527-94415-5,,No
Page detail after.,Sherry Monroe,Romance,2008-04-03,978-0-8143-2662-6,,
Sure weight sound save dream.,Steven Wilson,Sci-Fi,1974-12-03,978-1-83507-015-4,,No
Science factor service.,Joseph Stewart,Sci-Fi,32-13-2020,978-0-352-39750-8,,Yes
Painting effect tell type.,Robert Riddle,Sci-Fi,2000-08-27,978-0-249-05768-3,,
Occur better identify.,Ms. Colleen Taylor,Romance,1997-02-16,978-0-392-29137-8,,No
Particularly economy bar management.,William Khan,Fiction,2011-09-25,978-1-59253-497-5,,Yes
Ten run provide.,Krista Gillespie,Non-Fiction,1984-02-07,INVALID,,
Whether south dinner.,Sherry Boyle,Sci-Fi,2020-09-03,978-0-342-56314-2,,Yes
Could film environment who.,Alejandro Kelly,Sci-Fi,2016-12-27,978-0-7151-3689-8,spend,No
Outside chair interview.,Brooke Mejia,Non-Fiction,2005-01-08,978-1-132-88573-4,,Yes
Admit add tonight.,Brittany Hess,Unknown,2009-10-11,978-1-938088-90-2,,
Lay mother maintain.,Ashley Moreno,Mystery,2001-06-19,978-1-00-364994-6,,Yes
Whole key somebody.,Roy Frazier,Romance,2005-03-23,978-0-88692-063-0,,No
Then meet trial.,Rebecca Hernandez,Romance,2004-03-12,978-1-328-42771-7,,Yes
Movement total no gas collection.,Larry Cross,Romance,1976-02-04,978-0-7412-1819-3,,No
They interesting final treat.,Joann Scott,Non-Fiction,1982-07-13,978-0-233-66111-7,,Yes
Under senior beat drug offer.,Margaret Cooper,Fantasy,2004-04-03,978-1-130-23019-2,,
Piece reflect loss standard.,Kylie Martin,Sci-Fi,1993-09-09,978-0-02-692180-0,,Yes
Born score couple.,Craig Nunez,Non-Fiction,2005-02-20,978-1-322-56926-0,,Yes
Respond seek.,Carrie Blankenship,Fiction,2012-09-02,978-0-08-109798-4,,
Data degree off family.,Jack Wilson,Mystery,1977-11-06,978-1-355-27154-3,,No
Century eye writer.,Amber Oliver,Non-Fiction,32-13-2020,978-1-5499-9662-7,candidate,
Early current.,Laura Ward,Fantasy,1980-03-02,978-0-590-66860-6,,No
Such others interest south.,Robert Garcia,Sci-Fi,2024-08-22,978-1-243-84712-6,,Yes
Most herself like.,Jason Daniel,Sci-Fi,2021-06-29,978-1-227-65592-1,,Yes
Newspaper include message cup military.,Megan Ortega,Mystery,2004-02-18,INVALID,alone,
Smile today rate.,Mr. Robert Sherman,Sci-Fi,1975-01-25,978-1-76888-708-9,,No
Interview see third.,Edward Johnson,Fiction,2008-10-31,978-1-83407-448-1,,
If dog everything.,Katie Malone,Sci-Fi,1971-12-17,978-1-337-93003-1,,No
Pick teach enjoy camera above.,Alexis Lewis,Fantasy,2003-02-05,978-1-55544-548-5,,Yes
Officer a design however.,Kelly Jones,Fantasy,1978-11-18,978-0-87229-406-6,,No
Still somebody serve off cut.,Lisa White,Sci-Fi,1971-11-25,978-1-71944-167-4,,Yes
Heart she wait cause.,Tina Wright,Non-Fiction,1994-08-30,978-1-86964-193-1,,Yes
Education reduce develop.,Russell Baker,Mystery,32-13-2020,978-1-9805-7619-8,,
Theory staff hope.,Alex Norton,Fantasy,2023-09-26,978-1-57085-077-6,,Yes
World behind writer spend money.,James Pierce,Mystery,2014-03-13,978-0-647-96978-6,be,
Which simple buy.,Roger Mendoza,Mystery,2000-03-04,978-0-88523-473-8,,Yes
Form successful.,Jill Henry,Mystery,1981-02-18,978-0-85688-622-5,,Yes
Character scientist rich station.,David Turner,Non-Fiction,32-13-2020,978-1-68396-878-8,,
Major need from meeting.,Terry Myers,Romance,1984-05-11,978-1-74189-170-6,,No
Great firm return.,Barry Brock,Mystery,1986-01-30,978-1-09-117670-6,article,Yes
Hold low ground.,Kathryn Allen,Unknown,1994-06-08,INVALID,,
Reason now around crime per.,,Romance,1978-05-09,978-1-155-66463-7,,No
,Mrs. Vanessa Wood,Fantasy,1979-10-18,978-1-5392-9846-5,,No
Hospital head clear check.,Matthew Gonzalez,Romance,1980-12-15,978-0-391-30594-6,situation,Yes
Throughout box visit condition.,Danny Nguyen,Fiction,1985-07-01,978-0-501-77085-5,tax,Yes
Onto likely act.,Jacob Taylor MD,Unknown,2007-03-07,978-0-7354-1727-4,,No
Possible here within.,James Poole,Fiction,1977-03-02,978-0-222-84005-9,,
Feel bag look growth.,Anthony Herman,Mystery,2019-09-28,978-1-923329-91-1,few,No
Help list new.,Jonathan Adams,Romance,1973-06-11,978-1-200-67325-6,understand,Yes
Resource indeed per.,Evan Williams,Non-Fiction,2012-04-01,978-0-605-27038-1,admit,Yes
Environmental seat.,Valerie Long,Sci-Fi,2016-08-20,INVALID,,Yes
Protect feeling.,Michelle Greene,Sci-Fi,2021-05-30,978-1-312-99518-5,,No
Similar or thank little.,Randall Perez,Fiction,1997-03-12,978-1-895149-80-7,,
Food big such her late.,Jon Pace,Sci-Fi,1988-06-30,978-0-01-937602-0,read,
Woman hotel fill.,Kimberly Stephenson,Fiction,1989-07-18,978-1-59210-063-7,,
Sea clear green front wonder.,Michael Sanchez,Fantasy,1989-07-17,978-1-276-56976-7,agency,Yes
Simple camera fine team write.,Nicole Morgan,Non-Fiction,2004-01-01,978-1-103-17668-7,prepare,No
Range rule ready.,Christopher Santana,Mystery,2014-05-30,978-0-546-00633-9,including,
Attention consumer but conference perhaps.,Laura Maynard,Fiction,2022-02-27,978-1-345-70685-7,,No
Sort officer.,Mark Diaz,Fiction,2019-07-21,978-0-349-59320-3,,
Process toward court trip.,Sarah Obrien,Fiction,1976-07-24,978-1-75653-479-7,,Yes
Generation bring police fund certainly.,Mrs. Crystal Howard MD,Romance,32-13-2020,978-0-419-95714-0,within,No
General I arrive a.,Thomas Jackson,Fantasy,2012-02-11,INVALID,,Yes
Ahead phone hundred.,Alicia Monroe,Non-Fiction,2004-08-12,978-0-923312-42-8,,No
Southern arm conference later once.,Kathleen Anthony,Fiction,1990-02-13,978-1-4046-3752-8,none,No
Dinner other.,Stephanie Castillo,Sci-Fi,2000-05-21,978-0-86860-725-2,,Yes
Record pressure again pick.,Kayla Christian,Non-Fiction,32-13-2020,978-0-13-657735-5,,
Ask be traditional everybody available.,Christina Castillo,Fantasy,2022-01-22,978-1-354-95947-3,,Yes
Out sort ok line some.,Vanessa Davidson,Fantasy,32-13-2020,978-1-72404-403-7,,Yes
Still turn.,Julie Wong,Sci-Fi,1972-01-17,978-0-532-13028-4,,Yes
Pretty final time work.,,Fantasy,1982-11-05,978-0-19-525465-5,way,Yes
Information foot girl than.,Brooke Gonzalez,Fiction,1977-10-19,978-0-586-58881-9,represent,
Heavy after fly.,Andrew Sutton,Mystery,1974-01-30,978-0-510-97743-6,,
Threat clear you dark.,Ruth Thompson,Romance,1988-11-26,978-1-245-36135-4,,
Also mission chair.,Jennifer Sanchez,Fantasy,1997-05-05,978-1-879190-75-7,between,
Probably conference television.,Rachel Abbott,Mystery,1996-01-18,INVALID,,
Real tell.,Susan Gonzalez,Mystery,2013-04-12,978-0-545-26909-4,including,No
Maybe control citizen cup rich.,Kristin Gates,Fantasy,2016-08-26,978-1-947329-05-8,,Yes
Later dream.,Jesus Russell,Fantasy,1996-11-29,978-1-142-53566-7,news,No
Population fact gas audience.,Patricia Willis,Sci-Fi,1983-04-21,978-1-326-53526-1,,Yes
Season true him.,Maria Kim,Sci-Fi,2007-09-06,978-0-603-80246-1,,Yes
Away hit Republican play actually.,John Jones,Fiction,2008-01-16,978-0-597-99676-4,,
Maintain security nor chance here.,Jessica Henderson,Fiction,32-13-2020,978-0-469-60863-4,,No
Space outside long still.,Taylor Adams,Fiction,1997-03-31,978-0-528-86118-5,,Yes
Brother by nation.,Kristen Sutton,Fiction,2019-09-04,978-0-383-17021-7,,
Raise social thing national.,Dale Miller,Sci-Fi,1976-04-07,978-0-201-56536-2,,Yes
Education ground staff.,Krystal Mcfarland,Romance,2011-04-10,978-0-10-790275-9,star,
Try state especially arm collection.,Sherry Taylor,Sci-Fi,1978-06-28,978-0-245-86217-5,,No
Civil offer continue everybody nice.,Daniel Spencer,Fiction,1989-09-17,978-1-05-561142-7,,
Use nation mother bit.,Mike Crane,Sci-Fi,1974-01-09,978-0-417-25872-0,,No
Week PM.,James Simon,Romance,1998-03-27,978-0-412-07468-4,,No
Budget every technology heavy.,Jason Hill,Fiction,2005-06-25,INVALID,,No
Reach high.,,Mystery,1970-11-06,978-1-192-76107-8,,No
Side Democrat director.,Scott Morris,Unknown,2008-05-23,978-1-83588-579-6,,No
Before require girl.,Nicole Allen,Non-Fiction,2021-08-27,978-0-7183-5113-7,,No
,Joshua Wong,Fiction,2018-12-23,978-1-83013-041-9,,
Weight factor.,Kathleen Baker,Fantasy,2004-11-04,978-0-87780-265-5,,No
Read computer senior.,Stacey Brooks,Non-Fiction,32-13-2020,978-0-932505-22-4,,
,Stephanie Jenkins,Mystery,1983-12-04,978-0-87465-116-4,,Yes
Situation realize.,Jessica Phillips,Non-Fiction,1986-11-14,978-0-281-62179-8,,
Leave meeting quite.,Kevin Martin,Romance,2003-11-05,978-1-07-341273-0,,No
Scene peace hit focus.,Lawrence Sanders,Unknown,2006-04-11,978-1-4566-9632-0,lose,Yes
Some real never.,Patricia Harmon,Sci-Fi,2004-11-12,978-1-70498-764-4,,Yes
Smile process growth fast.,Donna Jones,Non-Fiction,2015-11-16,978-1-04-783636-4,,No
Better class factor.,Adrian Ayala,Fantasy,2005-10-09,978-1-04-028153-6,,Yes
Her value from.,Anthony Hawkins,Romance,1997-02-05,978-0-00-882945-2,firm,Yes
Dinner cover writer.,Heather Carrillo,Romance,2016-01-14,978-1-4007-7067-0,surface,
Bar tonight accept.,Marilyn Nelson,Sci-Fi,2002-08-22,978-0-496-81304-9,,
Decision floor address language.,Leah Wallace,Mystery,1981-06-21,978-1-57877-647-4,,No
Until someone natural say.,Brenda Bradshaw,Sci-Fi,1972-07-16,978-1-4287-8153-5,,Yes
Day serve federal hot memory.,James Kim,Sci-Fi,1999-08-31,978-0-9621528-1-8,,Yes
All worry.,Jessica Johnson,Fiction,1988-06-28,INVALID,along,
Magazine will wife.,Michelle Brown,Fiction,2023-02-25,978-1-80974-560-6,,
Quality or.,Dr. Frances Solomon,Fiction,1987-07-13,978-1-01-251851-6,,Yes
Company thousand third.,Nathaniel Tanner,Fantasy,2024-09-25,978-0-376-10275-1,,Yes
Exist big effort.,Aaron Diaz,Unknown,2003-12-24,978-1-263-77864-6,,Yes
Relationship central knowledge term challenge.,Taylor Schmidt,Fiction,2008-06-30,978-0-383-96424-3,,No
Service business.,Eric Jones,Sci-Fi,1972-10-24,978-1-08-822582-0,,
Now green north.,Warren Allen,Fantasy,2005-03-15,978-0-08-423537-6,,Yes
Give make project.,David White,Fiction,1995-09-08,978-1-967851-05-8,,Yes
Item dinner.,Michael Francis,Mystery,1985-05-12,978-0-354-07617-3,,No
Difficult possible light stock.,Matthew Edwards,Fiction,1993-12-26,978-0-7056-3102-0,public,
Relationship operation.,Douglas Chen,Romance,1976-01-26,978-0-411-40219-8,,Yes
Anyone officer truth message physical.,James Campbell,Non-Fiction,2012-06-04,978-0-363-71745-6,,Yes
End away hand.,Christina George,Romance,2010-11-25,978-1-63235-765-6,,No
Its speech task poor.,Megan Herrera,Non-Fiction,1976-05-12,INVALID,,Yes
,Kendra Cameron DDS,Fantasy,1972-03-14,978-1-368-38056-0,sometimes,Yes
Different name summer.,Mary Cox,Mystery,2006-08-13,978-1-77647-916-0,,Yes
Letter recent most.,Marcus Austin,Romance,1976-04-09,978-1-284-36008-0,,
Letter different hotel start.,Anna Rivera,Romance,2001-11-02,978-1-304-49841-0,movement,Yes
Continue never very administration edge.,Nathaniel Gentry,Mystery,1997-05-07,978-1-386-24130-0,,Yes
Sometimes stop through.,Charles Knight,Mystery,1986-10-27,978-1-316-75848-9,,Yes
Better during possible floor mission.,Patricia Keller,Sci-Fi,2006-04-19,978-1-223-49049-6,,Yes
Indeed space those rather.,Michael Shaw,Non-Fiction,2009-10-05,978-0-13-260359-1,,No
Employee position five.,Ricardo Howe,Non-Fiction,2000-12-01,978-0-330-84793-3,,
Public small activity.,Katie Jenkins,Fantasy,1977-09-23,978-0-590-59470-7,,Yes
Product voice bed.,Isabella Allen,Sci-Fi,1984-05-13,978-1-4783-8266-9,,
Real election region mouth.,Manuel Tyler,Sci-Fi,2017-06-06,978-1-56118-154-4,,
Like family better majority.,Dr. Lisa Cruz MD,Mystery,1989-12-26,978-1-129-02829-8,toward,No
Size today visit south.,Hannah Gray,Fantasy,2003-06-01,978-0-652-21020-0,,No
Win score positive.,Margaret Moreno,Romance,2018-05-04,978-1-80745-229-2,,No
Friend skin phone before foreign.,Bryce Mcdowell,Unknown,2011-10-13,978-0-631-46758-8,interesting,No
It commercial chair piece.,Daniel Hudson,Fiction,1975-11-19,978-1-72332-829-9,leg,No
Lot case use end too.,Bryan Stanley,Non-Fiction,2014-06-07,INVALID,,Yes
Glass great environment.,Andrew Rodriguez,Sci-Fi,2000-08-18,978-1-178-37037-9,,
Mother system scientist.,Jeffrey Lee,Fantasy,1996-10-12,978-0-318-02947-4,address,Yes
Cost available develop civil real.,James Pearson,Non-Fiction,1997-08-21,INVALID,,Yes
Himself kitchen inside himself kid.,Timothy Haynes,Romance,1974-01-13,978-1-295-64062-1,,Yes
Letter local environment agency.,William King,Mystery,1971-04-14,978-1-69738-522-9,party,No
Idea language operation only fast.,Jose Smith,Fiction,2023-04-02,978-1-4661-8974-4,,No
Through among describe where.,Jessica Sanchez,Fiction,2024-05-08,978-1-64004-245-2,,
Unit worry short edge each.,Kimberly Thompson,Mystery,32-13-2020,INVALID,,Yes
Job get summer yes perform.,Dustin Lindsey,Fiction,2016-07-09,978-0-320-63948-7,appear,No
Window second book north science.,Lynn Beasley,Romance,1998-01-29,978-0-686-18606-9,,Yes
Only lot development really what.,Rachel Hill,Mystery,1984-06-08,978-0-01-488062-1,leg,
Region truth affect skin.,Travis Taylor,Fantasy,2002-09-13,978-0-9599510-6-6,,No
Particularly arrive arrive fact.,Brenda Rodriguez,Non-Fiction,1978-04-04,978-1-9860-0373-5,,No
Represent technology prepare.,Alexis Clark,Sci-Fi,2009-06-06,978-1-4756-7436-1,,No
Loss consider.,Brandon Payne,Mystery,1999-12-29,978-1-367-41987-2,,Yes
Suffer generation.,Joel Kim,Non-Fiction,1981-05-26,978-1-395-30748-6,,No
Night operation than away.,Cameron Moore,Romance,32-13-2020,978-1-4851-2406-1,,Yes
Article individual gas control class.,Donna Dominguez,Fiction,2001-12-12,978-1-7343764-7-0,,
Despite direction feeling provide.,Alexander Martin,Mystery,1983-09-06,978-1-362-45459-5,,
Student turn.,Kimberly Williams,Sci-Fi,1995-03-24,978-1-334-50950-6,,Yes
Hotel financial sort another.,Anna Alvarado,Sci-Fi,1972-09-16,978-1-332-68259-1,sort,No
Most debate her.,Jennifer Jones,Fiction,1979-09-21,978-1-4740-9200-5,,Yes
Office use.,David Combs,Mystery,1972-04-04,978-0-8364-4597-8,wrong,
Boy tonight pull might main.,Tara Ho,Fantasy,1995-02-03,978-1-396-91517-8,,No
Him two land single.,Joseph Manning,Fiction,2021-10-21,978-0-19-476001-0,,No
There them example leader.,Thomas Schroeder,Romance,1996-08-07,978-0-8080-6558-6,,
,Dr. Scott Walton DDS,Mystery,1990-11-18,978-0-7075-8572-7,,Yes
Own marriage rich only.,Aaron Jimenez,Mystery,2015-03-22,978-1-00-966137-9,,No
Claim woman thought way.,Brandon Huang,Fiction,2013-07-08,978-1-940250-62-5,author,No
Moment upon exactly yard college.,Carolyn Conway,Non-Fiction,2023-02-11,978-0-01-676758-6,day,No
Door why ready truth.,Joseph Mccarty,Romance,1974-11-15,978-0-18-671055-9,,
Instead authority right.,Kevin Martin,Mystery,2015-04-23,978-0-400-95610-7,,No
Week rest world road.,Debra Gordon,Romance,1978-02-10,978-1-64433-423-2,try,
Nearly hotel protect.,Kimberly Brown,Non-Fiction,2020-01-10,978-0-323-79570-8,,No
Right film prevent.,Dominic Mueller,Non-Fiction,32-13-2020,978-0-479-56745-7,,No
Because make other real security.,Lindsey Hoover,Mystery,2015-07-18,978-1-4335-9913-2,,
Other tend few grow visit.,Allen Davis,Fiction,1999-04-26,978-1-7341426-7-9,material,Yes
Arm civil increase second.,Amanda Flores,Mystery,1999-07-18,978-0-638-48865-4,,
Carry concern dark run.,Gregory Carrillo,Romance,1996-07-14,978-1-80716-358-7,road,Yes
Great discussion.,Steve Nguyen,Fiction,2013-08-20,978-1-261-80180-3,,Yes
Case side by environmental recent.,Jose Mann,Unknown,1994-05-30,978-0-03-844612-4,,
Fire respond kid protect.,Amy Garza,Sci-Fi,2006-09-02,978-0-02-959545-9,,
Senior lay hope teacher.,Christy Macdonald,Fiction,2018-10-08,978-0-473-53871-2,,Yes
Moment glass more.,Abigail Collins,Fiction,2005-02-23,INVALID,while,
Nearly upon every above analysis.,Jennifer Christian,Sci-Fi,1992-08-27,978-1-890758-00-4,in,No
Although situation every since.,Nancy Jackson,Mystery,2019-09-22,978-1-144-58369-7,,
Whose job national.,David Hunt,Fiction,1993-07-10,978-0-205-20228-7,,Yes
,Holly White,Mystery,1973-03-01,INVALID,,
Best heavy only.,Donna Jarvis,Sci-Fi,2001-02-11,978-0-14-626308-8,,No
Group too face.,Trevor Perry,Fantasy,2014-06-18,978-1-61538-051-0,,
Man building go.,Justin Wilson,Romance,1982-12-24,978-0-19-948425-6,,No
Third term black remain.,Barbara Garcia,Non-Fiction,2004-01-18,INVALID,,No
Admit could course.,Donna Freeman,Mystery,2002-05-13,978-1-137-47544-2,mouth,
,Linda Davis,Fiction,2024-09-29,978-1-4151-2342-3,us,
Student else.,,Mystery,2016-01-13,978-0-323-20433-0,,No
Person scene necessary.,Christopher Oconnor,Non-Fiction,32-13-2020,978-0-682-34897-3,,No
Cold all get officer.,,Fiction,1971-10-17,978-0-400-57518-6,,
History huge decision.,Connie Green,Mystery,2019-10-17,978-1-133-42909-8,,No
Property current interview pull.,Laura Martinez,Fiction,1988-04-25,INVALID,,No
Recent art.,John Parks,Romance,2016-06-09,978-1-5114-7171-8,,
Agency those decade hand what.,Kelsey Strickland,Sci-Fi,1973-02-07,978-0-7459-3346-7,,
Shake wall truth determine.,Mrs. Jennifer Oconnor MD,Romance,2014-04-17,978-0-14-888382-6,,
Action television despite particularly.,Amber Fritz,Fantasy,1980-09-06,978-0-14-799496-7,both,No
Image dinner real community week.,,Mystery,2003-08-13,978-0-14-054431-2,,Yes
Value learn space left.,Taylor Reid,Non-Fiction,2008-01-09,978-0-02-637975-5,,Yes
Commercial executive series but law.,Sharon Perkins,Sci-Fi,1982-09-13,978-1-4625-1894-4,,
Often deep crime imagine grow.,Kevin Miller,Romance,2006-06-15,978-0-466-08252-9,,No
Hit both.,Chris Chapman,Sci-Fi,2010-12-22,978-0-947784-61-4,quickly,Yes
Provide really.,Mr. Joseph Barnes III,Non-Fiction,1979-06-18,978-0-921488-62-0,,Yes
Tend star decide general.,Jeremy Fox,Mystery,32-13-2020,978-0-7638-7865-8,easy,Yes
Detail across country.,Jessica Casey,Sci-Fi,2002-12-19,978-0-9856279-4-2,,Yes
Despite simple board whom.,Stephanie Mcdaniel,Fiction,2007-03-26,978-0-06-012937-8,,Yes
Risk also end thing campaign.,Melissa Cooke,Sci-Fi,1998-01-01,978-1-64869-515-5,,Yes
With officer mouth huge.,John Williams,Fiction,1983-01-14,978-0-00-973636-0,season,No
Occur create address market later.,Erika Davis,Fiction,1998-06-11,978-1-01-602952-0,,
Mission example carry.,Robert Zimmerman,Romance,1975-01-25,978-1-211-10844-0,,Yes
Interest effort speak picture.,Matthew Butler,Fantasy,1984-01-21,978-1-908363-41-1,later,No
Kind community happen Republican citizen.,Debra York,Fantasy,1971-02-20,978-0-249-01076-3,,Yes
Everybody stand affect.,George Saunders,Fiction,1990-12-01,978-0-7483-6877-8,,
Education interesting plan treat.,Nathaniel Murphy,Fantasy,1991-05-10,978-1-132-03476-7,,
Blood argue score the.,Misty Flores,Mystery,32-13-2020,978-1-927022-83-2,,No
Easy important win local someone.,Christopher Bailey,Fantasy,1976-10-27,978-0-567-24685-1,,
Course report hair issue.,Sharon Thomas,Romance,32-13-2020,978-1-361-25297-0,,
Former it available pick.,Clayton Jennings,Romance,1971-04-08,978-1-75357-000-2,,
Choose according industry.,Amy Walker,Non-Fiction,1981-05-16,978-0-7153-6469-7,,Yes
Member identify see deep available.,Jacob Weber,Sci-Fi,2006-11-11,978-1-57026-978-3,,
Interesting it house.,William Chavez,Fantasy,1989-11-09,978-1-5181-7626-5,radio,Yes
Agree college.,Gabriel Valentine,Fiction,1975-09-19,978-0-441-63450-7,court,Yes
Manage network.,Christopher Bowman,Mystery,2010-12-31,978-0-908786-60-2,,Yes
Particularly city.,Cassandra Strickland,Non-Fiction,2020-11-16,978-1-4439-5234-7,,No
Drop over.,Tamara Flores,Sci-Fi,1982-01-24,INVALID,,No
By toward similar team.,Gregory Osborn,Fantasy,1977-06-06,978-0-8277-8270-9,,Yes
Specific administration.,Monica Thompson,Sci-Fi,1976-05-22,978-0-268-30680-9,,No
Foot lead.,Brent Clark,Non-Fiction,32-13-2020,978-0-361-42424-0,,
Purpose article.,Megan Edwards,Non-Fiction,1979-07-18,978-0-448-14812-0,,
Position play get.,David Vargas,Sci-Fi,2001-09-19,978-1-4660-6351-8,,No
Condition own relate civil.,Joel Cox,Romance,2012-11-23,978-0-19-915491-3,,Yes
Election money nice hot.,Christopher Young MD,Mystery,1991-04-09,978-1-911173-81-6,various,
None believe.,David Fuller,Fantasy,1981-06-08,978-0-357-26112-5,,No
,Brian Ramirez,Mystery,1993-11-24,978-1-4476-9626-1,,No
These in lead citizen.,Nicole Mitchell,Sci-Fi,2021-12-11,978-0-613-64657-4,,No
Tough in able contain.,Eric Lucas,Romance,2022-09-22,978-0-403-01780-5,,No
Sort production throw.,Aaron Perez,Non-Fiction,1972-06-03,978-0-9636530-3-1,,
Mother third decide travel politics.,Michael Solis,Fantasy,2006-01-29,978-1-85251-100-5,,
Economic allow clearly science.,Patrick Maddox,Romance,2006-06-02,978-0-13-556119-5,,No
Big happy herself professor.,Erik Benson,Fantasy,32-13-2020,978-1-328-57814-3,,Yes
Fear name year total.,Matthew Fuentes,Unknown,2025-05-19,978-0-405-38331-1,support,Yes
American scientist beyond food staff.,Anthony Barnett,Sci-Fi,2017-06-01,978-0-16-545585-3,,Yes
Again improve.,Matthew Patrick,Fantasy,2022-04-03,978-0-8439-6003-7,,Yes
Business rock of sea go.,Gary Winters,Non-Fiction,2005-12-12,978-0-9847845-4-7,,No
Of high property growth operation.,David Dennis,Romance,2022-12-14,978-1-152-67697-8,political,Yes
Nice gas stuff specific.,Jeremy Murphy,Fantasy,1974-12-15,978-0-280-49292-4,,
Term medical on situation.,Rebecca Aguilar,Non-Fiction,32-13-2020,978-0-317-35708-0,,
Bank staff police many rich.,Sheila Adams,Mystery,2016-08-28,978-1-943920-22-8,,
Left conference close scientist thus.,Curtis Smith,Sci-Fi,2017-11-01,978-0-624-18567-3,open,
Somebody pay full.,Kimberly Robinson,Romance,2000-04-21,978-0-435-77358-8,,No
Most staff prevent allow.,Joy Griffin,Mystery,1983-11-14,978-1-310-85733-1,,
Fill spend fly start wind.,James Powers,Romance,1974-08-14,978-1-55049-546-1,current,Yes
Defense trial continue way.,James May,Non-Fiction,32-13-2020,978-0-202-75016-3,,Yes
Factor note quality foreign.,Victoria Richardson,Non-Fiction,2020-05-19,978-0-11-150337-9,but,
Her third learn subject world.,Stephanie White,Romance,2004-08-31,978-1-4336-3991-3,,No
Science factor service.,Joseph Stewart,Sci-Fi,32-13-2020,978-0-352-39750-8,,Yes
Particularly economy bar management.,William Khan,Fiction,2011-09-25,978-1-59253-497-5,,Yes
Yourself security real sort land.,Kelly Murray,Sci-Fi,2014-08-21,978-0-556-50631-7,,Yes
Everyone report mind.,Jeffrey Jones,Mystery,1983-09-23,978-0-347-15562-5,skin,
Body late training.,Lisa Carr,Fiction,2008-06-07,978-1-66319-156-4,,No
Really respond person of.,Nathaniel Hughes,Non-Fiction,1984-06-02,978-0-380-70526-9,,
Rest take leg.,Brianna Green DDS,Fantasy,1997-10-17,978-1-4403-7551-4,,No
Anyone officer truth message physical.,James Campbell,Non-Fiction,2012-06-04,978-0-363-71745-6,,Yes
To real.,Alicia Morgan,Sci-Fi,2017-01-24,978-0-218-78241-7,,Yes
Probably conference television.,Rachel Abbott,Mystery,1996-01-18,INVALID,,
Arrive affect couple range couple.,Shannon Davis,Romance,1999-09-28,978-1-279-42115-4,,Yes
Strong campaign than unit.,Joshua Knight,Sci-Fi,1978-12-02,978-1-84995-662-8,,No
Foot lead.,Brent Clark,Non-Fiction,32-13-2020,978-0-361-42424-0,,
Property current interview pull.,Laura Martinez,Fiction,1988-04-25,INVALID,,No
Student turn.,Kimberly Williams,Sci-Fi,1995-03-24,978-1-334-50950-6,,Yes
Less protect speech section cold.,Michele Jones,Sci-Fi,1998-06-11,978-1-209-49488-3,much,
Himself kitchen inside himself kid.,Timothy Haynes,Romance,1974-01-13,978-1-295-64062-1,,Yes
Smile today rate.,Mr. Robert Sherman,Sci-Fi,1975-01-25,978-1-76888-708-9,,No
Wall plan we yourself.,Isabella Trevino,Mystery,1972-07-15,978-1-00-937848-2,,
Camera line father difference natural.,Maria Carr,Mystery,1987-04-07,INVALID,,
Guy present her.,Ernest Brown,Non-Fiction,1973-01-28,978-1-59596-502-8,,No
Network power few once.,Sabrina Barton,Romance,1986-09-19,978-0-947001-05-6,,No
Spring city recognize choose.,Angela White,Romance,1972-05-31,978-1-63493-674-3,,Yes
Behavior practice former give.,Danny Frost Jr.,Mystery,1972-03-28,978-0-19-058598-3,,
Between cold.,Brandy Russo,Romance,2013-11-06,978-0-05-033274-0,,
Front learn plant situation power.,Jared Summers,Romance,2006-02-03,978-1-395-20987-2,,No
Fear name year total.,Matthew Fuentes,Unknown,2025-05-19,978-0-405-38331-1,support,Yes
Office use.,David Combs,Mystery,1972-04-04,978-0-8364-4597-8,wrong,
Hit both.,Chris Chapman,Sci-Fi,2010-12-22,978-0-947784-61-4,quickly,Yes
Floor professional group on nor.,Katie Morris,Sci-Fi,32-13-2020,978-0-429-92436-1,,No
Future firm enough significant.,Robin Johnson,Mystery,2023-10-22,INVALID,,
Explain Republican will.,Travis Perez,Mystery,2018-04-05,978-0-89135-263-1,city,Yes
Seek fly describe water.,Nicholas Ryan,Fantasy,1980-04-08,978-0-360-54677-6,smile,No
Glass sing certainly like morning.,Shannon Norris,Fiction,1972-08-31,978-0-441-51201-0,be,Yes
Administration federal citizen summer.,Eric Wells,Fantasy,1970-03-26,978-1-81682-605-3,,No
Very among lose.,Edward Reyes,Sci-Fi,1998-09-28,978-0-08-940716-7,short,Yes
How least purpose.,Dr. Seth Hughes MD,Romance,2025-02-23,978-1-71559-395-7,,Yes
Most debate her.,Jennifer Jones,Fiction,1979-09-21,978-1-4740-9200-5,,Yes
Capital together since left stop.,Caleb Rodriguez,Sci-Fi,1991-06-29,978-0-507-75034-9,admit,No
Feel amount near.,Teresa Williams,Non-Fiction,1975-08-09,978-0-05-907240-1,,Yes
Republican he.,Charles Williams,Non-Fiction,1978-01-20,978-1-69679-966-9,position,
By fill local matter.,Jessica Romero,Romance,32-13-2020,978-1-4755-1866-5,,No
Purpose article.,Megan Edwards,Non-Fiction,1979-07-18,978-0-448-14812-0,,
Sing condition wonder.,Brian Williams,Non-Fiction,2023-01-06,978-0-551-32749-8,tough,No
Shoulder part phone.,Wesley Jones,Fantasy,2013-10-10,978-0-8362-9315-9,,
Nearly upon every above analysis.,Jennifer Christian,Sci-Fi,1992-08-27,978-1-890758-00-4,in,No
Kind assume.,Ryan Johnston,Fantasy,2000-10-29,978-0-557-22793-8,,Yes
Require media parent bit appear.,Sean Cochran,Romance,32-13-2020,978-0-622-82870-1,,Yes
Scene peace hit focus.,Lawrence Sanders,Unknown,2006-04-11,978-1-4566-9632-0,lose,Yes
